,98385XAM8 Corp,341081EY9 Corp,70213HAA6 Corp,002819AC4 Corp,742718DF3 Corp
Company,XTO Energy Inc,Florida Power & Light Co,Mass General Brigham Inc,Abbott Laboratories,Procter & Gamble Co/The
Ticker,XOM,NEE,PARHC,ABT,PG
Rating,AA-,AA-,AA-,AA-,AA-
Issue Date,2007-07-19 00:00:00,2007-04-17 00:00:00,2007-06-28 00:00:00,2007-11-09 00:00:00,2007-03-05 00:00:00
Maturity Date,2037-08-01 00:00:00,2037-05-01 00:00:00,2037-07-01 00:00:00,2037-11-30 00:00:00,2037-03-05 00:00:00
Coupon ,6.75,5.85,6.259,6.15,5.55
Tenor (days),10971,10972,10961,10979,10958
2015-04-30 00:00:00,3.59,9.217,9.217,9.217,9.217
2015-05-01 00:00:00,3.66,9.117,9.117,9.117,9.117
2015-05-04 00:00:00,3.722,9.053,9.053,9.053,9.053
2015-05-05 00:00:00,3.742,8.767,8.767,8.767,8.767
2015-05-06 00:00:00,3.822,9.03,9.03,9.03,9.03
2015-05-07 00:00:00,3.746,8.98,8.98,8.98,8.98
2015-05-08 00:00:00,3.723,8.806,8.806,8.806,8.806
2015-05-11 00:00:00,3.867,8.729,8.729,8.729,8.729
2015-05-12 00:00:00,3.834,8.874,8.874,8.874,8.874
2015-05-13 00:00:00,3.884,8.665,8.665,8.665,8.665
2015-05-14 00:00:00,3.834,8.684,8.684,8.684,8.684
2015-05-15 00:00:00,3.724,8.688,8.688,8.688,8.688
2015-05-18 00:00:00,3.815,8.694,8.694,8.694,8.694
2015-05-19 00:00:00,3.844,8.866,8.866,8.866,8.866
2015-05-20 00:00:00,3.815,8.881,8.881,8.881,8.881
2015-05-21 00:00:00,3.761,8.778,8.778,8.778,8.778
2015-05-22 00:00:00,3.788,8.795,8.795,8.795,8.795
2015-05-26 00:00:00,3.719,8.802,8.802,8.802,8.802
2015-05-27 00:00:00,3.708,8.807,8.807,8.807,8.807
2015-05-28 00:00:00,3.739,8.948,8.948,8.948,8.948
2015-05-29 00:00:00,3.74,8.763,8.763,8.763,8.763
2015-06-01 00:00:00,3.78,8.78,8.78,8.78,8.78
2015-06-02 00:00:00,3.857,8.749,8.749,8.749,8.749
2015-06-03 00:00:00,3.963,8.841,8.841,8.841,8.841
2015-06-04 00:00:00,3.918,8.928,8.928,8.928,8.928
2015-06-05 00:00:00,4.003,8.875,8.875,8.875,8.875
2015-06-08 00:00:00,3.997,8.953,8.953,8.953,8.953
2015-06-09 00:00:00,4.045,9.099,9.099,9.099,9.099
2015-06-10 00:00:00,4.087,9.05,9.05,9.05,9.05
2015-06-11 00:00:00,3.98,9.08,9.08,9.08,9.08
2015-06-12 00:00:00,3.982,9.108,9.108,9.108,9.108
2015-06-15 00:00:00,3.958,9.273,9.273,9.273,9.273
2015-06-16 00:00:00,3.921,9.352,9.352,9.352,9.352
2015-06-17 00:00:00,3.95,9.324,9.324,9.324,9.324
2015-06-18 00:00:00,3.984,9.302,9.302,9.302,9.302
2015-06-19 00:00:00,3.899,9.332,9.332,9.332,9.332
2015-06-22 00:00:00,4.017,9.319,9.319,9.319,9.319
2015-06-23 00:00:00,4.052,9.286,9.286,9.286,9.286
2015-06-24 00:00:00,4.028,9.351,9.351,9.351,9.351
2015-06-25 00:00:00,4.074,9.507,9.507,9.507,9.507
2015-06-26 00:00:00,4.136,9.52,9.52,9.52,9.52
2015-06-29 00:00:00,4.005,9.693,9.693,9.693,9.693
2015-06-30 00:00:00,4.043,9.46,9.46,9.46,9.46
2015-07-01 00:00:00,4.105,9.485,9.485,9.485,9.485
2015-07-02 00:00:00,4.083,9.466,9.466,9.466,9.466
2015-07-06 00:00:00,3.999,9.785,9.785,9.785,9.785
2015-07-07 00:00:00,3.957,9.803,9.803,9.803,9.803
2015-07-08 00:00:00,3.887,9.906,9.906,9.906,9.906
2015-07-09 00:00:00,4.012,9.932,9.932,9.932,9.932
2015-07-10 00:00:00,4.071,9.837,9.837,9.837,9.837
2015-07-13 00:00:00,4.11,9.835,9.835,9.835,9.835
2015-07-14 00:00:00,4.068,9.817,9.817,9.817,9.817
2015-07-15 00:00:00,4.026,9.883,9.883,9.883,9.883
2015-07-16 00:00:00,4.009,9.968,9.968,9.968,9.968
2015-07-17 00:00:00,3.995,10.347,10.347,10.347,10.347
2015-07-20 00:00:00,4.004,10.302,10.302,10.302,10.302
2015-07-21 00:00:00,3.971,10.222,10.222,10.222,10.222
2015-07-22 00:00:00,3.963,10.447,10.447,10.447,10.447
2015-07-23 00:00:00,3.901,10.282,10.282,10.282,10.282
2015-07-24 00:00:00,3.894,10.28,10.28,10.28,10.28
2015-07-27 00:00:00,3.858,10.646,10.646,10.646,10.646
2015-07-28 00:00:00,3.886,10.376,10.376,10.376,10.376
2015-07-29 00:00:00,3.914,10.164,10.164,10.164,10.164
2015-07-30 00:00:00,3.955,10.013,10.013,10.013,10.013
2015-07-31 00:00:00,3.898,10.241,10.241,10.241,10.241
2015-08-03 00:00:00,3.846,10.646,10.646,10.646,10.646
2015-08-04 00:00:00,3.912,10.544,10.544,10.544,10.544
2015-08-05 00:00:00,3.963,10.724,10.724,10.724,10.724
2015-08-06 00:00:00,3.916,10.59,10.59,10.59,10.59
2015-08-07 00:00:00,3.853,10.667,10.667,10.667,10.667
2015-08-10 00:00:00,3.911,10.595,10.595,10.595,10.595
2015-08-11 00:00:00,3.824,10.754,10.754,10.754,10.754
2015-08-12 00:00:00,3.841,10.681,10.681,10.681,10.681
2015-08-13 00:00:00,3.867,10.742,10.742,10.742,10.742
2015-08-14 00:00:00,3.865,10.67,10.67,10.67,10.67
2015-08-17 00:00:00,3.8,10.74,10.74,10.74,10.74
2015-08-18 00:00:00,3.829,10.73,10.73,10.73,10.73
2015-08-19 00:00:00,3.781,10.947,10.947,10.947,10.947
2015-08-20 00:00:00,3.748,10.706,10.706,10.706,10.706
2015-08-21 00:00:00,3.719,10.879,10.879,10.879,10.879
2015-08-24 00:00:00,3.703,10.897,10.897,10.897,10.897
2015-08-25 00:00:00,3.792,10.85,10.85,10.85,10.85
2015-08-26 00:00:00,3.888,11.031,11.031,11.031,11.031
2015-08-27 00:00:00,3.901,10.692,10.692,10.692,10.692
2015-08-28 00:00:00,3.929,10.64,10.64,10.64,10.64
2015-08-31 00:00:00,3.969,10.657,10.657,10.657,10.657
2015-09-01 00:00:00,3.892,10.772,10.772,10.772,10.772
2015-09-02 00:00:00,3.936,10.763,10.763,10.763,10.763
2015-09-03 00:00:00,3.927,10.581,10.581,10.581,10.581
2015-09-04 00:00:00,3.877,10.721,10.721,10.721,10.721
2015-09-08 00:00:00,3.921,10.472,10.472,10.472,10.472
2015-09-09 00:00:00,3.908,10.282,10.282,10.282,10.282
2015-09-10 00:00:00,3.941,10.333,10.333,10.333,10.333
2015-09-11 00:00:00,3.918,10.457,10.457,10.457,10.457
2015-09-14 00:00:00,3.931,10.455,10.455,10.455,10.455
2015-09-15 00:00:00,4.034,10.448,10.448,10.448,10.448
2015-09-16 00:00:00,4.037,10.453,10.453,10.453,10.453
2015-09-17 00:00:00,3.94,10.582,10.582,10.582,10.582
2015-09-18 00:00:00,3.89,10.736,10.736,10.736,10.736
2015-09-21 00:00:00,3.868,10.925,10.925,10.925,10.925
2015-09-22 00:00:00,3.795,10.875,10.875,10.875,10.875
2015-09-23 00:00:00,3.803,11.181,11.181,11.181,11.181
2015-09-24 00:00:00,3.778,11.382,11.382,11.382,11.382
2015-09-25 00:00:00,3.792,11.646,11.646,11.646,11.646
2015-09-28 00:00:00,3.7,11.743,11.743,11.743,11.743
2015-09-29 00:00:00,3.64,11.729,11.729,11.729,11.729
2015-09-30 00:00:00,3.647,11.413,11.413,11.413,11.413
2015-10-01 00:00:00,3.676,11.507,11.507,11.507,11.507
2015-10-02 00:00:00,3.633,11.155,11.155,11.155,11.155
2015-10-05 00:00:00,3.719,10.948,10.948,10.948,10.948
2015-10-06 00:00:00,3.694,10.443,10.443,10.443,10.443
2015-10-07 00:00:00,3.716,10.79,10.79,10.79,10.79
2015-10-08 00:00:00,3.754,10.636,10.636,10.636,10.636
2015-10-09 00:00:00,3.728,10.793,10.793,10.793,10.793
2015-10-13 00:00:00,3.679,10.872,10.872,10.872,10.872
2015-10-14 00:00:00,3.592,11.107,11.107,11.107,11.107
2015-10-15 00:00:00,3.636,11.086,11.086,11.086,11.086
2015-10-16 00:00:00,3.661,11.008,11.008,11.008,11.008
2015-10-19 00:00:00,3.665,11.08,11.08,11.08,11.08
2015-10-20 00:00:00,3.715,11.168,11.168,11.168,11.168
2015-10-21 00:00:00,3.66,11.228,11.228,11.228,11.228
2015-10-22 00:00:00,3.661,10.945,10.945,10.945,10.945
2015-10-23 00:00:00,3.695,11.288,11.288,11.288,11.288
2015-10-26 00:00:00,3.646,11.445,11.445,11.445,11.445
2015-10-27 00:00:00,3.634,11.508,11.508,11.508,11.508
2015-10-28 00:00:00,3.67,11.437,11.437,11.437,11.437
2015-10-29 00:00:00,3.734,11.293,11.293,11.293,11.293
2015-10-30 00:00:00,3.696,11.202,11.202,11.202,11.202
2015-11-02 00:00:00,3.727,10.988,10.988,10.988,10.988
2015-11-03 00:00:00,3.758,10.748,10.748,10.748,10.748
2015-11-04 00:00:00,3.733,10.741,10.741,10.741,10.741
2015-11-05 00:00:00,3.752,11.076,11.076,11.076,11.076
2015-11-06 00:00:00,3.855,11.23,11.23,11.23,11.23
2015-11-09 00:00:00,3.875,11.498,11.498,11.498,11.498
2015-11-10 00:00:00,3.876,11.47,11.47,11.47,11.47
2015-11-12 00:00:00,3.839,11.662,11.662,11.662,11.662
2015-11-13 00:00:00,3.79,11.7,11.7,11.7,11.7
2015-11-16 00:00:00,3.802,11.678,11.678,11.678,11.678
2015-11-17 00:00:00,3.776,11.672,11.672,11.672,11.672
2015-11-18 00:00:00,3.764,11.538,11.538,11.538,11.538
2015-11-19 00:00:00,3.71,11.683,11.683,11.683,11.683
2015-11-20 00:00:00,3.712,11.936,11.936,11.936,11.936
2015-11-23 00:00:00,3.721,11.895,11.895,11.895,11.895
2015-11-24 00:00:00,3.754,11.692,11.692,11.692,11.692
2015-11-25 00:00:00,3.742,12.124,12.124,12.124,12.124
2015-11-27 00:00:00,3.73,12.086,12.086,12.086,12.086
2015-11-30 00:00:00,3.717,11.713,11.713,11.713,11.713
2015-12-01 00:00:00,3.808,11.543,11.543,11.543,11.543
2015-12-02 00:00:00,3.845,11.712,11.712,11.712,11.712
2015-12-03 00:00:00,3.97,11.704,11.704,11.704,11.704
2015-12-04 00:00:00,3.941,12.015,12.015,12.015,12.015
2015-12-07 00:00:00,3.931,12.429,12.429,12.429,12.429
2015-12-08 00:00:00,3.929,12.323,12.323,12.323,12.323
2015-12-09 00:00:00,3.937,12.44,12.44,12.44,12.44
2015-12-10 00:00:00,3.977,12.693,12.693,12.693,12.693
2015-12-11 00:00:00,3.891,13.354,13.354,13.354,13.354
2015-12-14 00:00:00,3.933,13.337,13.337,13.337,13.337
2015-12-15 00:00:00,3.983,13.115,13.115,13.115,13.115
2015-12-16 00:00:00,4.004,13.173,13.173,13.173,13.173
2015-12-17 00:00:00,3.951,13.558,13.558,13.558,13.558
2015-12-18 00:00:00,3.944,14.813,14.813,14.813,14.813
2015-12-21 00:00:00,3.941,14.4,14.4,14.4,14.4
2015-12-22 00:00:00,3.979,13.693,13.693,13.693,13.693
2015-12-23 00:00:00,3.994,12.268,12.268,12.268,12.268
2015-12-24 00:00:00,3.965,12.564,12.564,12.564,12.564
2015-12-28 00:00:00,3.96,13.635,13.635,13.635,13.635
2015-12-29 00:00:00,4.035,13.063,13.063,13.063,13.063
2015-12-30 00:00:00,4.01,13.432,13.432,13.432,13.432
2015-12-31 00:00:00,3.984,13.554,13.554,13.554,13.554
2016-01-04 00:00:00,3.96,13.415,13.415,13.415,13.415
2016-01-05 00:00:00,3.944,13.014,13.014,13.014,13.014
2016-01-06 00:00:00,3.885,13.338,13.338,13.338,13.338
2016-01-07 00:00:00,3.857,13.534,13.534,13.534,13.534
2016-01-08 00:00:00,3.792,13.538,13.538,13.538,13.538
2016-01-11 00:00:00,3.83,14.247,14.247,14.247,14.247
2016-01-12 00:00:00,3.759,14.46,14.46,14.46,14.46
2016-01-13 00:00:00,3.746,15.168,15.168,15.168,15.168
2016-01-14 00:00:00,3.748,14.569,14.569,14.569,14.569
2016-01-15 00:00:00,3.695,15.39,15.39,15.39,15.39
2016-01-19 00:00:00,3.71,16.234,16.234,16.234,16.234
2016-01-20 00:00:00,3.648,16.942,16.942,16.942,16.942
2016-01-21 00:00:00,3.702,16.341,16.341,16.341,16.341
2016-01-22 00:00:00,3.721,15.591,15.591,15.591,15.591
2016-01-25 00:00:00,3.678,15.49,15.49,15.49,15.49
2016-01-26 00:00:00,3.679,15.567,15.567,15.567,15.567
2016-01-27 00:00:00,3.699,15.517,15.517,15.517,15.517
2016-01-28 00:00:00,3.683,15.393,15.393,15.393,15.393
2016-01-29 00:00:00,3.622,15.011,15.011,15.011,15.011
2016-02-01 00:00:00,3.649,15.447,15.447,15.447,15.447
2016-02-02 00:00:00,3.541,15.672,15.672,15.672,15.672
2016-02-03 00:00:00,3.572,15.755,15.755,15.755,15.755
2016-02-04 00:00:00,3.579,15.298,15.298,15.298,15.298
2016-02-05 00:00:00,3.588,15.556,15.556,15.556,15.556
2016-02-08 00:00:00,3.498,15.855,15.855,15.855,15.855
2016-02-09 00:00:00,3.461,16,16,16,16
2016-02-10 00:00:00,3.37,16.455,16.455,16.455,16.455
2016-02-11 00:00:00,3.317,17.501,17.501,17.501,17.501
2016-02-12 00:00:00,3.434,16.748,16.748,16.748,16.748
2016-02-16 00:00:00,3.457,16.629,16.629,16.629,16.629
2016-02-17 00:00:00,3.508,16.328,16.328,16.328,16.328
2016-02-18 00:00:00,3.445,16.599,16.599,16.599,16.599
2016-02-19 00:00:00,3.452,16.55,16.55,16.55,16.55
2016-02-22 00:00:00,3.455,16.173,16.173,16.173,16.173
2016-02-23 00:00:00,3.414,16.642,16.642,16.642,16.642
2016-02-24 00:00:00,3.437,16.995,16.995,16.995,16.995
2016-02-25 00:00:00,3.411,16.541,16.541,16.541,16.541
2016-02-26 00:00:00,3.747,16.214,16.214,16.214,16.214
2016-02-29 00:00:00,3.739,15.472,15.472,15.472,15.472
2016-03-01 00:00:00,3.811,15.129,15.129,15.129,15.129
2016-03-02 00:00:00,3.957,14.455,14.455,14.455,14.455
2016-03-03 00:00:00,3.948,14.057,14.057,14.057,14.057
2016-03-04 00:00:00,3.992,13.248,13.248,13.248,13.248
2016-03-07 00:00:00,4.012,12.595,12.595,12.595,12.595
2016-03-08 00:00:00,3.946,12.931,12.931,12.931,12.931
2016-03-09 00:00:00,3.973,13.253,13.253,13.253,13.253
2016-03-10 00:00:00,3.994,12.92,12.92,12.92,12.92
2016-03-11 00:00:00,4.063,13.037,13.037,13.037,13.037
2016-03-14 00:00:00,4.039,13.061,13.061,13.061,13.061
2016-03-15 00:00:00,4.055,13.052,13.052,13.052,13.052
2016-03-16 00:00:00,3.999,13.117,13.117,13.117,13.117
2016-03-17 00:00:00,3.982,12.974,12.974,12.974,12.974
2016-03-18 00:00:00,3.961,12.772,12.772,12.772,12.772
2016-03-21 00:00:00,4.011,12.895,12.895,12.895,12.895
2016-03-22 00:00:00,4.024,13.265,13.265,13.265,13.265
2016-03-23 00:00:00,3.952,13.868,13.868,13.868,13.868
2016-03-24 00:00:00,3.979,13.853,13.853,13.853,13.853
2016-03-28 00:00:00,3.929,14.01,14.01,14.01,14.01
2016-03-29 00:00:00,3.855,14.088,14.088,14.088,14.088
2016-03-30 00:00:00,3.877,14.043,14.043,14.043,14.043
2016-03-31 00:00:00,3.844,14.295,14.295,14.295,14.295
2016-04-01 00:00:00,3.849,14.538,14.538,14.538,14.538
2016-04-04 00:00:00,3.834,14.608,14.608,14.608,14.608
2016-04-05 00:00:00,3.795,15.188,15.188,15.188,15.188
2016-04-06 00:00:00,3.833,14.824,14.824,14.824,14.824
2016-04-07 00:00:00,3.759,15.067,15.067,15.067,15.067
2016-04-08 00:00:00,3.812,14.684,14.684,14.684,14.684
2016-04-11 00:00:00,3.824,14.298,14.298,14.298,14.298
2016-04-12 00:00:00,3.85,13.504,13.504,13.504,13.504
2016-04-13 00:00:00,3.833,13.204,13.204,13.204,13.204
2016-04-14 00:00:00,3.85,13.023,13.023,13.023,13.023
2016-04-15 00:00:00,3.81,12.365,12.365,12.365,12.365
2016-04-18 00:00:00,3.83,12.492,12.492,12.492,12.492
2016-04-19 00:00:00,3.853,11.754,11.754,11.754,11.754
2016-04-20 00:00:00,3.916,11.392,11.392,11.392,11.392
2016-04-21 00:00:00,3.938,11.719,11.719,11.719,11.719
2016-04-22 00:00:00,3.954,11.756,11.756,11.756,11.756
2016-04-25 00:00:00,3.982,11.793,11.793,11.793,11.793
2016-04-26 00:00:00,3.991,11.887,11.887,11.887,11.887
2016-04-27 00:00:00,3.935,11.592,11.592,11.592,11.592
2016-04-28 00:00:00,3.915,11.69,11.69,11.69,11.69
2016-04-29 00:00:00,3.912,11.911,11.911,11.911,11.911
2016-05-02 00:00:00,3.956,11.809,11.809,11.809,11.809
2016-05-03 00:00:00,3.884,12.314,12.314,12.314,12.314
2016-05-04 00:00:00,3.851,12.51,12.51,12.51,12.51
2016-05-05 00:00:00,3.814,12.976,12.976,12.976,12.976
2016-05-06 00:00:00,3.833,12.606,12.606,12.606,12.606
2016-05-09 00:00:00,3.803,12.849,12.849,12.849,12.849
2016-05-10 00:00:00,3.813,12.546,12.546,12.546,12.546
2016-05-11 00:00:00,3.784,12.437,12.437,12.437,12.437
2016-05-12 00:00:00,3.81,12.178,12.178,12.178,12.178
2016-05-13 00:00:00,3.672,12.336,12.336,12.336,12.336
2016-05-16 00:00:00,3.717,12.043,12.043,12.043,12.043
2016-05-17 00:00:00,3.735,12.296,12.296,12.296,12.296
2016-05-18 00:00:00,3.782,12.585,12.585,12.585,12.585
2016-05-19 00:00:00,3.778,12.57,12.57,12.57,12.57
2016-05-20 00:00:00,3.769,12.375,12.375,12.375,12.375
2016-05-23 00:00:00,3.769,12.639,12.639,12.639,12.639
2016-05-24 00:00:00,3.789,12.513,12.513,12.513,12.513
2016-05-25 00:00:00,3.803,12.307,12.307,12.307,12.307
2016-05-26 00:00:00,3.773,12.386,12.386,12.386,12.386
2016-05-27 00:00:00,3.793,12.223,12.223,12.223,12.223
2016-05-31 00:00:00,3.783,12.379,12.379,12.379,12.379
2016-06-01 00:00:00,3.765,12.457,12.457,12.457,12.457
2016-06-02 00:00:00,3.741,12.365,12.365,12.365,12.365
2016-06-03 00:00:00,3.648,12.091,12.091,12.091,12.091
2016-06-06 00:00:00,3.705,11.777,11.777,11.777,11.777
2016-06-07 00:00:00,3.677,11.192,11.192,11.192,11.192
2016-06-08 00:00:00,3.648,11.394,11.394,11.394,11.394
2016-07-07 00:00:00,3.303,11.501,11.501,11.501,11.501
2016-07-08 00:00:00,3.257,11.586,11.586,11.586,11.586
2016-07-11 00:00:00,3.316,11.51,11.51,11.51,11.51
2016-07-12 00:00:00,3.396,11.302,11.302,11.302,11.302
2016-07-13 00:00:00,3.324,11.493,11.493,11.493,11.493
2016-07-14 00:00:00,3.389,11.35,11.35,11.35,11.35
2016-07-15 00:00:00,3.404,11.362,11.362,11.362,11.362
2016-07-18 00:00:00,3.429,11.43,11.43,11.43,11.43
2016-07-19 00:00:00,3.428,11.371,11.371,11.371,11.371
2016-07-20 00:00:00,3.466,11.366,11.366,11.366,11.366
2016-07-21 00:00:00,3.478,11.183,11.183,11.183,11.183
2016-07-22 00:00:00,3.474,11.321,11.321,11.321,11.321
2016-07-25 00:00:00,3.482,11.563,11.563,11.563,11.563
2016-07-26 00:00:00,3.464,11.758,11.758,11.758,11.758
2016-07-27 00:00:00,3.402,11.92,11.92,11.92,11.92
2016-07-28 00:00:00,3.404,12.057,12.057,12.057,12.057
2016-09-23 00:00:00,3.664,11.272,11.272,11.272,11.272
2016-09-26 00:00:00,3.633,11.343,11.343,11.343,11.343
2016-09-27 00:00:00,3.595,11.449,11.449,11.449,11.449
2016-09-28 00:00:00,3.61,11.116,11.116,11.116,11.116
2016-09-29 00:00:00,3.61,11.162,11.162,11.162,11.162
2016-10-18 00:00:00,3.659,10.646,10.646,10.646,10.646
2016-10-19 00:00:00,3.664,10.574,10.574,10.574,10.574
2016-10-20 00:00:00,3.678,10.498,10.498,10.498,10.498
2016-12-06 00:00:00,4.159,9.332,9.332,9.332,9.332
2016-12-07 00:00:00,4.11,9.24,9.24,9.24,9.24
2016-12-08 00:00:00,4.197,9.002,9.002,9.002,9.002
2016-12-09 00:00:00,4.256,8.906,8.906,8.906,8.906
2016-12-12 00:00:00,4.244,8.588,8.588,8.588,8.588
2016-12-13 00:00:00,4.215,8.506,8.506,8.506,8.506
2016-12-14 00:00:00,4.227,8.51,8.51,8.51,8.51
2016-12-15 00:00:00,4.227,8.777,8.777,8.777,8.777
2016-12-16 00:00:00,4.242,8.73,8.73,8.73,8.73
2016-12-19 00:00:00,4.189,8.808,8.808,8.808,8.808
2016-12-20 00:00:00,4.197,9.054,9.054,9.054,9.054
2016-12-21 00:00:00,4.168,9.318,9.318,9.318,9.318
2016-12-22 00:00:00,4.176,8.882,8.882,8.882,8.882
2016-12-23 00:00:00,4.167,8.911,8.911,8.911,8.911
2016-12-27 00:00:00,4.212,9.015,9.015,9.015,9.015
2016-12-28 00:00:00,4.165,9.118,9.118,9.118,9.118
2016-12-29 00:00:00,4.128,9.138,9.138,9.138,9.138
2016-12-30 00:00:00,4.099,9.093,9.093,9.093,9.093
2017-01-03 00:00:00,4.062,8.926,8.926,8.926,8.926
2017-01-04 00:00:00,4.039,8.779,8.779,8.779,8.779
2017-01-05 00:00:00,3.964,8.608,8.608,8.608,8.608
2017-01-06 00:00:00,4.039,8.605,8.605,8.605,8.605
2017-01-09 00:00:00,3.985,8.727,8.727,8.727,8.727
2017-01-10 00:00:00,4.001,8.894,8.894,8.894,8.894
2017-01-11 00:00:00,3.987,8.965,8.965,8.965,8.965
2017-01-12 00:00:00,3.997,8.868,8.868,8.868,8.868
2017-01-13 00:00:00,4.033,8.926,8.926,8.926,8.926
2017-01-17 00:00:00,3.962,8.929,8.929,8.929,8.929
2017-01-18 00:00:00,4.054,9,9,9,9
2017-01-19 00:00:00,4.109,9.069,9.069,9.069,9.069
2017-01-20 00:00:00,4.116,9.029,9.029,9.029,9.029
2017-01-23 00:00:00,4.061,9.113,9.113,9.113,9.113
2017-01-24 00:00:00,4.115,9.079,9.079,9.079,9.079
2017-01-25 00:00:00,4.177,8.829,8.829,8.829,8.829
2017-02-06 00:00:00,4.027,8.847,8.847,8.847,8.847
2017-02-07 00:00:00,3.994,8.861,8.861,8.861,8.861
2017-02-08 00:00:00,3.924,8.983,8.983,8.983,8.983
2017-02-09 00:00:00,3.983,9.021,9.021,9.021,9.021
2017-02-10 00:00:00,3.993,8.941,8.941,8.941,8.941
2017-02-13 00:00:00,4.028,8.969,8.969,8.969,8.969
2017-02-14 00:00:00,4.07,8.909,8.909,8.909,8.909
2017-02-15 00:00:00,4.092,8.98,8.98,8.98,8.98
2017-02-16 00:00:00,4.066,9.029,9.029,9.029,9.029
2017-02-17 00:00:00,4.048,9.004,9.004,9.004,9.004
2017-02-21 00:00:00,4.089,8.934,8.934,8.934,8.934
2017-02-22 00:00:00,4.033,8.905,8.905,8.905,8.905
2017-02-23 00:00:00,4.001,8.644,8.644,8.644,8.644
2017-02-24 00:00:00,3.933,8.547,8.547,8.547,8.547
2017-02-27 00:00:00,3.974,8.644,8.644,8.644,8.644
2017-02-28 00:00:00,4.049,8.765,8.765,8.765,8.765
2017-03-01 00:00:00,4.072,8.6,8.6,8.6,8.6
2017-03-02 00:00:00,4.094,8.686,8.686,8.686,8.686
2017-03-03 00:00:00,4.085,8.71,8.71,8.71,8.71
2017-03-06 00:00:00,4.093,8.795,8.795,8.795,8.795
2017-03-07 00:00:00,4.102,8.995,8.995,8.995,8.995
2017-03-08 00:00:00,4.148,9.295,9.295,9.295,9.295
2017-03-09 00:00:00,4.208,9.474,9.474,9.474,9.474
2017-03-10 00:00:00,4.184,9.288,9.288,9.288,9.288
2017-03-13 00:00:00,4.233,9.178,9.178,9.178,9.178
2017-03-14 00:00:00,4.201,9.322,9.322,9.322,9.322
2017-03-15 00:00:00,4.108,8.857,8.857,8.857,8.857
2017-03-16 00:00:00,4.153,8.993,8.993,8.993,8.993
2017-03-17 00:00:00,4.121,8.926,8.926,8.926,8.926
2017-03-20 00:00:00,4.079,9.058,9.058,9.058,9.058
2017-03-21 00:00:00,4.029,9.259,9.259,9.259,9.259
2017-03-22 00:00:00,4.018,9.348,9.348,9.348,9.348
2017-03-23 00:00:00,4.043,9.27,9.27,9.27,9.27
2017-03-24 00:00:00,4.037,9.096,9.096,9.096,9.096
2017-03-27 00:00:00,3.993,9.186,9.186,9.186,9.186
2017-03-28 00:00:00,4.037,9.035,9.035,9.035,9.035
2017-03-29 00:00:00,3.991,8.723,8.723,8.723,8.723
2017-03-30 00:00:00,4.043,8.605,8.605,8.605,8.605
2017-03-31 00:00:00,4.019,8.603,8.603,8.603,8.603
2017-04-03 00:00:00,3.947,8.577,8.577,8.577,8.577
2017-04-04 00:00:00,3.989,8.581,8.581,8.581,8.581
2017-04-05 00:00:00,3.961,8.606,8.606,8.606,8.606
2017-04-06 00:00:00,3.997,8.604,8.604,8.604,8.604
2017-04-07 00:00:00,4.027,8.61,8.61,8.61,8.61
2017-04-10 00:00:00,4.009,8.571,8.571,8.571,8.571
2017-04-11 00:00:00,3.933,8.65,8.65,8.65,8.65
2017-04-12 00:00:00,3.885,8.645,8.645,8.645,8.645
2017-04-13 00:00:00,3.893,8.728,8.728,8.728,8.728
2017-04-17 00:00:00,3.895,8.792,8.792,8.792,8.792
2017-04-18 00:00:00,3.806,8.865,8.865,8.865,8.865
2017-04-19 00:00:00,3.842,9.057,9.057,9.057,9.057
2017-04-20 00:00:00,3.871,9.015,9.015,9.015,9.015
2017-04-21 00:00:00,3.88,9.094,9.094,9.094,9.094
2017-04-24 00:00:00,3.913,9.134,9.134,9.134,9.134
2017-04-25 00:00:00,3.986,8.941,8.941,8.941,8.941
2017-04-26 00:00:00,3.91,8.848,8.848,8.848,8.848
2017-04-27 00:00:00,3.9,9.024,9.024,9.024,9.024
2017-04-28 00:00:00,3.881,8.857,8.857,8.857,8.857
2017-05-01 00:00:00,3.913,8.919,8.919,8.919,8.919
2017-05-02 00:00:00,3.876,8.977,8.977,8.977,8.977
2017-05-03 00:00:00,3.893,8.954,8.954,8.954,8.954
2017-05-04 00:00:00,3.928,9.203,9.203,9.203,9.203
2017-05-05 00:00:00,3.906,9.178,9.178,9.178,9.178
2017-05-08 00:00:00,3.951,9.265,9.265,9.265,9.265
2017-05-09 00:00:00,3.955,9.301,9.301,9.301,9.301
2017-05-10 00:00:00,3.954,9.106,9.106,9.106,9.106
2017-05-11 00:00:00,3.944,9.024,9.024,9.024,9.024
2017-05-12 00:00:00,3.89,9.104,9.104,9.104,9.104
2017-05-15 00:00:00,3.893,8.997,8.997,8.997,8.997
2017-05-16 00:00:00,3.889,8.996,8.996,8.996,8.996
2017-05-17 00:00:00,3.773,9.115,9.115,9.115,9.115
2017-05-18 00:00:00,3.775,9.247,9.247,9.247,9.247
2017-05-19 00:00:00,3.783,9.135,9.135,9.135,9.135
2017-05-22 00:00:00,3.804,9.098,9.098,9.098,9.098
2017-05-23 00:00:00,3.84,9.09,9.09,9.09,9.09
2017-05-24 00:00:00,3.823,9.069,9.069,9.069,9.069
2017-05-25 00:00:00,3.825,9.257,9.257,9.257,9.257
2017-05-26 00:00:00,3.82,9.197,9.197,9.197,9.197
2017-05-30 00:00:00,3.776,9.163,9.163,9.163,9.163
2017-05-31 00:00:00,3.773,9.217,9.217,9.217,9.217
2017-06-01 00:00:00,3.775,9.183,9.183,9.183,9.183
2017-06-02 00:00:00,3.726,9.239,9.239,9.239,9.239
2017-06-05 00:00:00,3.751,9.314,9.314,9.314,9.314
2017-06-06 00:00:00,3.724,9.342,9.342,9.342,9.342
2017-06-07 00:00:00,3.758,9.543,9.543,9.543,9.543
2017-06-08 00:00:00,3.767,9.684,9.684,9.684,9.684
2017-06-09 00:00:00,3.778,9.559,9.559,9.559,9.559
2017-06-12 00:00:00,3.786,9.555,9.555,9.555,9.555
2017-06-13 00:00:00,3.812,9.423,9.423,9.423,9.423
2017-06-14 00:00:00,3.746,9.417,9.417,9.417,9.417
2017-06-15 00:00:00,3.774,9.651,9.651,9.651,9.651
2017-06-16 00:00:00,3.749,9.758,9.758,9.758,9.758
2017-06-19 00:00:00,3.797,9.732,9.732,9.732,9.732
2017-06-20 00:00:00,3.765,10.012,10.012,10.012,10.012
2017-06-21 00:00:00,3.748,10.341,10.341,10.341,10.341
2017-06-22 00:00:00,3.723,10.239,10.239,10.239,10.239
2017-06-23 00:00:00,3.737,10.209,10.209,10.209,10.209
2017-06-26 00:00:00,3.737,10.047,10.047,10.047,10.047
2017-06-27 00:00:00,3.829,9.792,9.792,9.792,9.792
2017-06-28 00:00:00,3.853,9.819,9.819,9.819,9.819
2017-06-29 00:00:00,3.897,9.895,9.895,9.895,9.895
2017-06-30 00:00:00,3.932,9.89,9.89,9.89,9.89
2017-07-03 00:00:00,3.97,9.859,9.859,9.859,9.859
2017-07-05 00:00:00,3.964,9.961,9.961,9.961,9.961
2017-07-06 00:00:00,4.005,9.971,9.971,9.971,9.971
2017-07-07 00:00:00,4.005,10.037,10.037,10.037,10.037
2017-07-10 00:00:00,3.957,10.061,10.061,10.061,10.061
2017-07-11 00:00:00,3.942,10.005,10.005,10.005,10.005
2017-07-12 00:00:00,3.903,9.844,9.844,9.844,9.844
2017-07-13 00:00:00,3.929,9.836,9.836,9.836,9.836
2017-07-14 00:00:00,3.914,9.753,9.753,9.753,9.753
2017-07-17 00:00:00,3.888,9.813,9.813,9.813,9.813
2017-07-18 00:00:00,3.836,9.779,9.779,9.779,9.779
2017-07-19 00:00:00,3.871,9.709,9.709,9.709,9.709
2017-07-20 00:00:00,3.864,9.652,9.652,9.652,9.652
2017-07-21 00:00:00,3.839,9.831,9.831,9.831,9.831
2017-07-24 00:00:00,3.854,9.859,9.859,9.859,9.859
2017-07-25 00:00:00,3.931,9.691,9.691,9.691,9.691
2017-07-26 00:00:00,3.889,9.663,9.663,9.663,9.663
2017-07-27 00:00:00,3.906,9.73,9.73,9.73,9.73
2017-07-28 00:00:00,3.883,9.719,9.719,9.719,9.719
2017-07-31 00:00:00,3.884,9.673,9.673,9.673,9.673
2017-08-01 00:00:00,3.844,9.748,9.748,9.748,9.748
2017-08-02 00:00:00,3.861,9.694,9.694,9.694,9.694
2017-08-03 00:00:00,3.82,9.595,9.595,9.595,9.595
2017-08-04 00:00:00,3.858,9.545,9.545,9.545,9.545
2017-08-07 00:00:00,3.842,9.551,9.551,9.551,9.551
2017-08-08 00:00:00,3.851,9.565,9.565,9.565,9.565
2017-08-09 00:00:00,3.837,9.651,9.651,9.651,9.651
2017-08-10 00:00:00,3.794,9.681,9.681,9.681,9.681
2017-08-11 00:00:00,3.783,9.684,9.684,9.684,9.684
2017-08-14 00:00:00,3.809,9.662,9.662,9.662,9.662
2017-08-15 00:00:00,3.852,9.567,9.567,9.567,9.567
2017-08-16 00:00:00,3.812,9.434,9.434,9.434,9.434
2017-08-17 00:00:00,3.772,9.419,9.419,9.419,9.419
2017-08-18 00:00:00,3.773,9.413,9.413,9.413,9.413
2017-08-21 00:00:00,3.761,9.421,9.421,9.421,9.421
2017-08-22 00:00:00,3.783,9.357,9.357,9.357,9.357
2017-08-23 00:00:00,3.73,9.413,9.413,9.413,9.413
2017-08-24 00:00:00,3.815,9.418,9.418,9.418,9.418
2017-08-25 00:00:00,3.776,9.356,9.356,9.356,9.356
2017-08-28 00:00:00,3.764,9.419,9.419,9.419,9.419
2017-08-29 00:00:00,3.752,9.409,9.409,9.409,9.409
2017-08-30 00:00:00,3.756,9.426,9.426,9.426,9.426
2017-08-31 00:00:00,3.744,9.38,9.38,9.38,9.38
2017-09-01 00:00:00,3.799,9.355,9.355,9.355,9.355
2017-09-05 00:00:00,3.693,9.309,9.309,9.309,9.309
2017-09-06 00:00:00,3.75,9.21,9.21,9.21,9.21
2017-09-07 00:00:00,3.681,9.153,9.153,9.153,9.153
2017-09-08 00:00:00,3.69,9.21,9.21,9.21,9.21
2017-09-11 00:00:00,3.758,9.19,9.19,9.19,9.19
2017-09-12 00:00:00,3.81,9.162,9.162,9.162,9.162
2017-09-13 00:00:00,3.835,8.937,8.937,8.937,8.937
2017-09-14 00:00:00,3.833,8.731,8.731,8.731,8.731
2017-09-15 00:00:00,3.84,8.872,8.872,8.872,8.872
2017-09-18 00:00:00,3.87,8.866,8.866,8.866,8.866
2017-09-19 00:00:00,3.88,8.857,8.857,8.857,8.857
2017-09-20 00:00:00,3.895,8.804,8.804,8.804,8.804
2017-09-21 00:00:00,3.905,8.855,8.855,8.855,8.855
2017-09-22 00:00:00,3.878,8.921,8.921,8.921,8.921
2017-09-25 00:00:00,3.85,8.809,8.809,8.809,8.809
2017-09-26 00:00:00,3.858,8.733,8.733,8.733,8.733
2017-09-27 00:00:00,3.936,8.696,8.696,8.696,8.696
2017-09-28 00:00:00,3.897,8.72,8.72,8.72,8.72
2017-09-29 00:00:00,3.906,8.659,8.659,8.659,8.659
2017-10-02 00:00:00,3.919,8.729,8.729,8.729,8.729
2017-10-03 00:00:00,3.904,8.726,8.726,8.726,8.726
2017-10-04 00:00:00,3.903,8.671,8.671,8.671,8.671
2017-10-05 00:00:00,3.93,8.66,8.66,8.66,8.66
2017-10-06 00:00:00,3.932,8.684,8.684,8.684,8.684
2017-10-10 00:00:00,3.934,8.7,8.7,8.7,8.7
2017-10-11 00:00:00,3.921,8.691,8.691,8.691,8.691
2017-10-12 00:00:00,3.893,8.718,8.718,8.718,8.718
2017-10-13 00:00:00,3.85,8.717,8.717,8.717,8.717
2017-10-16 00:00:00,3.883,8.679,8.679,8.679,8.679
2017-10-17 00:00:00,3.884,8.674,8.674,8.674,8.674
2017-10-18 00:00:00,3.781,8.669,8.669,8.669,8.669
2017-10-19 00:00:00,3.767,8.68,8.68,8.68,8.68
2017-10-20 00:00:00,3.82,8.714,8.714,8.714,8.714
2017-10-23 00:00:00,3.805,8.701,8.701,8.701,8.701
2017-10-24 00:00:00,3.869,8.716,8.716,8.716,8.716
2017-10-25 00:00:00,3.881,8.783,8.783,8.783,8.783
2017-10-26 00:00:00,3.91,8.828,8.828,8.828,8.828
2017-10-27 00:00:00,3.85,8.814,8.814,8.814,8.814
2017-10-30 00:00:00,3.83,8.849,8.849,8.849,8.849
2017-10-31 00:00:00,3.834,8.792,8.792,8.792,8.792
2017-11-01 00:00:00,3.831,8.644,8.644,8.644,8.644
2017-11-02 00:00:00,3.811,8.602,8.602,8.602,8.602
2017-11-03 00:00:00,3.793,8.621,8.621,8.621,8.621
2017-11-06 00:00:00,3.766,8.582,8.582,8.582,8.582
2017-11-07 00:00:00,3.753,8.615,8.615,8.615,8.615
2017-11-08 00:00:00,3.776,8.7,8.7,8.7,8.7
2017-11-09 00:00:00,3.792,8.808,8.808,8.808,8.808
2017-11-10 00:00:00,3.856,8.783,8.783,8.783,8.783
2017-11-13 00:00:00,3.863,8.768,8.768,8.768,8.768
2017-11-14 00:00:00,3.826,8.958,8.958,8.958,8.958
2017-11-15 00:00:00,3.779,9.228,9.228,9.228,9.228
2017-11-16 00:00:00,3.839,9.071,9.071,9.071,9.071
2017-11-17 00:00:00,3.802,8.956,8.956,8.956,8.956
2017-11-20 00:00:00,3.823,9.002,9.002,9.002,9.002
2017-11-21 00:00:00,3.812,8.99,8.99,8.99,8.99
2017-11-22 00:00:00,3.783,8.913,8.913,8.913,8.913
2017-11-24 00:00:00,3.805,8.865,8.865,8.865,8.865
2017-11-27 00:00:00,3.789,8.914,8.914,8.914,8.914
2017-11-28 00:00:00,3.645,8.925,8.925,8.925,8.925
2017-11-29 00:00:00,3.7,8.93,8.93,8.93,8.93
2017-11-30 00:00:00,3.681,8.935,8.935,8.935,8.935
2017-12-01 00:00:00,3.634,8.835,8.835,8.835,8.835
2017-12-04 00:00:00,3.707,8.778,8.778,8.778,8.778
2017-12-05 00:00:00,3.689,8.675,8.675,8.675,8.675
2017-12-06 00:00:00,3.677,8.766,8.766,8.766,8.766
2017-12-07 00:00:00,3.628,8.779,8.779,8.779,8.779
2017-12-08 00:00:00,3.633,8.759,8.759,8.759,8.759
2017-12-11 00:00:00,3.71,8.805,8.805,8.805,8.805
2017-12-12 00:00:00,3.718,8.764,8.764,8.764,8.764
2017-12-13 00:00:00,3.66,8.761,8.761,8.761,8.761
2017-12-14 00:00:00,3.686,8.765,8.765,8.765,8.765
2017-12-15 00:00:00,3.674,8.82,8.82,8.82,8.82
2017-12-18 00:00:00,3.724,8.859,8.859,8.859,8.859
2017-12-19 00:00:00,3.776,8.896,8.896,8.896,8.896
2017-12-20 00:00:00,3.819,8.917,8.917,8.917,8.917
2017-12-21 00:00:00,3.809,8.909,8.909,8.909,8.909
2017-12-22 00:00:00,3.793,8.958,8.958,8.958,8.958
2017-12-26 00:00:00,3.757,8.903,8.903,8.903,8.903
2017-12-27 00:00:00,3.676,8.839,8.839,8.839,8.839
2017-12-28 00:00:00,3.694,8.833,8.833,8.833,8.833
2017-12-29 00:00:00,3.676,8.795,8.795,8.795,8.795
2018-01-02 00:00:00,3.732,8.767,8.767,8.767,8.767
2018-01-03 00:00:00,3.726,8.59,8.59,8.59,8.59
2018-01-04 00:00:00,3.682,8.436,8.436,8.436,8.436
2018-01-05 00:00:00,3.707,8.322,8.322,8.322,8.322
2018-01-08 00:00:00,3.708,8.302,8.302,8.302,8.302
2018-01-09 00:00:00,3.784,8.3,8.3,8.3,8.3
2018-01-10 00:00:00,3.781,8.256,8.256,8.256,8.256
2018-01-11 00:00:00,3.774,8.213,8.213,8.213,8.213
2018-01-12 00:00:00,3.765,8.214,8.214,8.214,8.214
2018-01-16 00:00:00,3.762,8.198,8.198,8.198,8.198
2018-01-17 00:00:00,3.805,8.254,8.254,8.254,8.254
2018-01-18 00:00:00,3.745,8.274,8.274,8.274,8.274
2018-01-19 00:00:00,3.829,8.336,8.336,8.336,8.336
2018-01-22 00:00:00,3.811,8.332,8.332,8.332,8.332
2018-01-23 00:00:00,3.758,8.225,8.225,8.225,8.225
2018-01-24 00:00:00,3.792,8.151,8.151,8.151,8.151
2018-01-25 00:00:00,3.741,8.103,8.103,8.103,8.103
2018-01-26 00:00:00,3.784,8.09,8.09,8.09,8.09
2018-01-29 00:00:00,3.823,8.147,8.147,8.147,8.147
2018-01-30 00:00:00,3.815,8.239,8.239,8.239,8.239
2018-01-31 00:00:00,3.814,8.229,8.229,8.229,8.229
2018-02-01 00:00:00,3.91,8.28,8.28,8.28,8.28
2018-02-02 00:00:00,3.957,8.338,8.338,8.338,8.338
2018-02-05 00:00:00,3.846,8.428,8.428,8.428,8.428
2018-02-06 00:00:00,3.917,8.59,8.59,8.59,8.59
2018-02-07 00:00:00,3.94,8.588,8.588,8.588,8.588
2018-02-08 00:00:00,3.982,8.705,8.705,8.705,8.705
2018-02-09 00:00:00,4.045,9.031,9.031,9.031,9.031
2018-02-12 00:00:00,4.051,8.794,8.794,8.794,8.794
2018-02-13 00:00:00,4.014,8.877,8.877,8.877,8.877
2018-02-14 00:00:00,4.089,8.828,8.828,8.828,8.828
2018-02-15 00:00:00,4.09,8.736,8.736,8.736,8.736
2018-02-16 00:00:00,3.984,8.742,8.742,8.742,8.742
2018-02-20 00:00:00,3.992,8.723,8.723,8.723,8.723
2018-02-21 00:00:00,4.066,8.928,8.928,8.928,8.928
2018-02-22 00:00:00,4.035,8.924,8.924,8.924,8.924
2018-02-23 00:00:00,3.97,8.885,8.885,8.885,8.885
2018-02-26 00:00:00,3.957,8.837,8.837,8.837,8.837
2018-02-27 00:00:00,3.998,8.88,8.88,8.88,8.88
2018-02-28 00:00:00,3.965,8.915,8.915,8.915,8.915
2018-03-01 00:00:00,3.914,9.087,9.087,9.087,9.087
2018-03-02 00:00:00,3.969,9.082,9.082,9.082,9.082
2018-03-05 00:00:00,3.979,9.049,9.049,9.049,9.049
2018-03-06 00:00:00,3.954,8.997,8.997,8.997,8.997
2018-03-07 00:00:00,3.996,9.065,9.065,9.065,9.065
2018-03-08 00:00:00,3.991,9.087,9.087,9.087,9.087
2018-03-09 00:00:00,4.013,8.968,8.968,8.968,8.968
2018-03-12 00:00:00,3.994,8.99,8.99,8.99,8.99
2018-03-13 00:00:00,3.979,9.046,9.046,9.046,9.046
2018-03-14 00:00:00,3.944,9.058,9.058,9.058,9.058
2018-03-15 00:00:00,3.973,9.115,9.115,9.115,9.115
2018-03-16 00:00:00,3.994,9.072,9.072,9.072,9.072
2018-03-19 00:00:00,3.999,9.118,9.118,9.118,9.118
2018-03-20 00:00:00,4.035,9.124,9.124,9.124,9.124
2018-03-21 00:00:00,4.029,9.069,9.069,9.069,9.069
2018-03-22 00:00:00,3.972,9.137,9.137,9.137,9.137
2018-03-23 00:00:00,4.017,9.139,9.139,9.139,9.139
2018-03-26 00:00:00,4.059,9.166,9.166,9.166,9.166
2018-03-27 00:00:00,3.986,9.137,9.137,9.137,9.137
2018-03-28 00:00:00,4.035,9.186,9.186,9.186,9.186
2018-03-29 00:00:00,4,9.151,9.151,9.151,9.151
2018-04-02 00:00:00,3.984,9.207,9.207,9.207,9.207
2018-04-03 00:00:00,4.026,9.19,9.19,9.19,9.19
2018-04-04 00:00:00,4.058,9.169,9.169,9.169,9.169
2018-04-05 00:00:00,4.09,9.058,9.058,9.058,9.058
2018-04-06 00:00:00,4.031,9.107,9.107,9.107,9.107
2018-04-09 00:00:00,3.952,9.033,9.033,9.033,9.033
2018-04-10 00:00:00,3.981,8.966,8.966,8.966,8.966
2018-04-11 00:00:00,3.964,8.88,8.88,8.88,8.88
2018-04-12 00:00:00,4.018,8.821,8.821,8.821,8.821
2018-04-13 00:00:00,4.003,8.764,8.764,8.764,8.764
2018-04-16 00:00:00,3.999,8.739,8.739,8.739,8.739
2018-04-17 00:00:00,3.889,8.684,8.684,8.684,8.684
2018-04-18 00:00:00,3.92,8.534,8.534,8.534,8.534
2018-04-19 00:00:00,3.959,8.53,8.53,8.53,8.53
2018-04-20 00:00:00,4.016,8.587,8.587,8.587,8.587
2018-04-23 00:00:00,4.141,8.566,8.566,8.566,8.566
2018-04-24 00:00:00,4.172,8.518,8.518,8.518,8.518
2018-04-25 00:00:00,4.204,8.545,8.545,8.545,8.545
2018-04-26 00:00:00,4.163,8.437,8.437,8.437,8.437
2018-04-27 00:00:00,4.136,8.462,8.462,8.462,8.462
2018-04-30 00:00:00,4.131,8.462,8.462,8.462,8.462
2018-05-01 00:00:00,4.138,8.516,8.516,8.516,8.516
2018-05-02 00:00:00,4.129,8.502,8.502,8.502,8.502
2018-05-03 00:00:00,4.108,8.541,8.541,8.541,8.541
2018-05-04 00:00:00,4.112,8.514,8.514,8.514,8.514
2018-05-07 00:00:00,4.054,8.491,8.491,8.491,8.491
2018-05-08 00:00:00,4.118,8.555,8.555,8.555,8.555
2018-05-09 00:00:00,4.142,8.501,8.501,8.501,8.501
2018-05-10 00:00:00,4.115,8.455,8.455,8.455,8.455
2018-05-11 00:00:00,4.105,8.389,8.389,8.389,8.389
2018-05-14 00:00:00,4.143,8.385,8.385,8.385,8.385
2018-05-15 00:00:00,4.211,8.315,8.315,8.315,8.315
2018-05-16 00:00:00,4.298,8.33,8.33,8.33,8.33
2018-05-17 00:00:00,4.315,8.294,8.294,8.294,8.294
2018-05-18 00:00:00,4.264,8.305,8.305,8.305,8.305
2018-05-21 00:00:00,4.267,8.281,8.281,8.281,8.281
2018-05-22 00:00:00,4.26,8.235,8.235,8.235,8.235
2018-05-23 00:00:00,4.198,8.29,8.29,8.29,8.29
2018-05-24 00:00:00,4.176,8.323,8.323,8.323,8.323
2018-05-25 00:00:00,4.143,8.424,8.424,8.424,8.424
2018-05-29 00:00:00,4.001,8.493,8.493,8.493,8.493
2018-05-30 00:00:00,4.115,8.397,8.397,8.397,8.397
2018-05-31 00:00:00,4.126,8.403,8.403,8.403,8.403
2018-06-01 00:00:00,4.144,8.424,8.424,8.424,8.424
2018-06-04 00:00:00,4.184,8.435,8.435,8.435,8.435
2018-06-05 00:00:00,4.175,8.39,8.39,8.39,8.39
2018-06-06 00:00:00,4.186,8.418,8.418,8.418,8.418
2018-06-07 00:00:00,4.139,8.388,8.388,8.388,8.388
2018-06-08 00:00:00,4.168,8.397,8.397,8.397,8.397
2018-06-11 00:00:00,4.174,8.384,8.384,8.384,8.384
2018-06-12 00:00:00,4.183,8.334,8.334,8.334,8.334
2018-06-13 00:00:00,4.186,8.33,8.33,8.33,8.33
2018-06-14 00:00:00,4.153,8.299,8.299,8.299,8.299
2018-06-15 00:00:00,4.135,8.324,8.324,8.324,8.324
2018-06-18 00:00:00,4.132,8.332,8.332,8.332,8.332
2018-06-19 00:00:00,4.119,8.45,8.45,8.45,8.45
2018-06-20 00:00:00,4.156,8.413,8.413,8.413,8.413
2018-12-03 00:00:00,4.397,9.785,9.785,9.785,9.785
2018-12-04 00:00:00,4.339,9.968,9.968,9.968,9.968
2018-12-06 00:00:00,4.334,10.147,10.147,10.147,10.147
2018-12-07 00:00:00,4.356,9.813,9.813,9.813,9.813
2018-12-10 00:00:00,4.334,10.138,10.138,10.138,10.138
2018-12-11 00:00:00,4.355,9.973,9.973,9.973,9.973
2018-12-12 00:00:00,4.34,10.061,10.061,10.061,10.061
2018-12-13 00:00:00,4.346,9.978,9.978,9.978,9.978
2018-12-14 00:00:00,4.322,10.137,10.137,10.137,10.137
2018-12-17 00:00:00,4.295,10.222,10.222,10.222,10.222
2018-12-18 00:00:00,4.243,10.514,10.514,10.514,10.514
2018-12-19 00:00:00,4.177,10.643,10.643,10.643,10.643
2018-12-20 00:00:00,4.241,11.087,11.087,11.087,11.087
2018-12-21 00:00:00,4.221,11.213,11.213,11.213,11.213
2018-12-24 00:00:00,4.158,11.334,11.334,11.334,11.334
2018-12-26 00:00:00,4.216,11.047,11.047,11.047,11.047
2018-12-27 00:00:00,4.188,11.263,11.263,11.263,11.263
2018-12-28 00:00:00,4.147,10.894,10.894,10.894,10.894
2018-12-31 00:00:00,4.127,10.96,10.96,10.96,10.96
2019-01-02 00:00:00,4.07,10.705,10.705,10.705,10.705
2019-01-03 00:00:00,4.017,10.681,10.681,10.681,10.681
2019-01-04 00:00:00,4.11,10.154,10.154,10.154,10.154
2019-01-07 00:00:00,4.123,9.672,9.672,9.672,9.672
2019-01-08 00:00:00,4.355,9.535,9.535,9.535,9.535
2019-01-09 00:00:00,4.341,9.396,9.396,9.396,9.396
2019-01-10 00:00:00,4.36,9.527,9.527,9.527,9.527
2019-01-11 00:00:00,4.337,9.647,9.647,9.647,9.647
2019-01-14 00:00:00,4.342,9.835,9.835,9.835,9.835
2019-03-07 00:00:00,3.923,9.475,9.475,9.475,9.475
2019-03-08 00:00:00,3.909,9.521,9.521,9.521,9.521
2019-03-11 00:00:00,3.925,9.464,9.464,9.464,9.464
2019-03-12 00:00:00,3.879,9.286,9.286,9.286,9.286
2019-03-13 00:00:00,3.901,9.37,9.37,9.37,9.37
2019-03-14 00:00:00,3.912,9.271,9.271,9.271,9.271
2019-03-15 00:00:00,3.942,9.228,9.228,9.228,9.228
2019-03-18 00:00:00,3.955,9.164,9.164,9.164,9.164
2019-03-19 00:00:00,3.951,9.169,9.169,9.169,9.169
2019-03-20 00:00:00,3.879,9.097,9.097,9.097,9.097
2019-03-21 00:00:00,3.872,9.088,9.088,9.088,9.088
2019-03-22 00:00:00,3.802,9.177,9.177,9.177,9.177
2019-03-25 00:00:00,3.746,9.194,9.194,9.194,9.194
2019-03-26 00:00:00,3.771,9.205,9.205,9.205,9.205
2019-03-27 00:00:00,3.724,9.164,9.164,9.164,9.164
2019-03-28 00:00:00,3.763,9.229,9.229,9.229,9.229
2019-03-29 00:00:00,3.775,9.243,9.243,9.243,9.243
2019-04-01 00:00:00,3.859,9.115,9.115,9.115,9.115
2019-04-02 00:00:00,3.832,9.112,9.112,9.112,9.112
2019-04-03 00:00:00,3.871,9.048,9.048,9.048,9.048
2019-04-04 00:00:00,3.87,9.108,9.108,9.108,9.108
2019-04-05 00:00:00,3.851,9.003,9.003,9.003,9.003
2019-04-08 00:00:00,3.879,9.056,9.056,9.056,9.056
2019-04-09 00:00:00,3.936,9.071,9.071,9.071,9.071
2019-04-10 00:00:00,3.858,9.055,9.055,9.055,9.055
2019-04-11 00:00:00,3.871,9.071,9.071,9.071,9.071
2019-04-12 00:00:00,3.928,9.067,9.067,9.067,9.067
2019-04-15 00:00:00,3.929,9.092,9.092,9.092,9.092
2019-04-16 00:00:00,3.96,9.088,9.088,9.088,9.088
2019-04-17 00:00:00,3.966,9.082,9.082,9.082,9.082
2019-04-18 00:00:00,3.932,9.061,9.061,9.061,9.061
2019-04-22 00:00:00,3.957,9.01,9.01,9.01,9.01
2019-04-23 00:00:00,3.936,8.957,8.957,8.957,8.957
2019-04-24 00:00:00,3.888,8.227,8.227,8.227,8.227
2019-04-25 00:00:00,3.908,8.96,8.96,8.96,8.96
2019-04-26 00:00:00,3.875,9.003,9.003,9.003,9.003
2019-04-29 00:00:00,3.899,8.987,8.987,8.987,8.987
2019-04-30 00:00:00,3.878,9.014,9.014,9.014,9.014
2019-05-01 00:00:00,3.88,9.235,9.235,9.235,9.235
2019-05-02 00:00:00,3.909,9.372,9.372,9.372,9.372
2019-05-03 00:00:00,3.914,9.266,9.266,9.266,9.266
2019-05-06 00:00:00,3.868,9.233,9.233,9.233,9.233
2019-05-07 00:00:00,3.843,9.294,9.294,9.294,9.294
2019-05-08 00:00:00,3.869,9.29,9.29,9.29,9.29
2019-05-09 00:00:00,3.836,9.298,9.298,9.298,9.298
2019-05-10 00:00:00,3.856,9.282,9.282,9.282,9.282
2019-05-13 00:00:00,3.781,9.434,9.434,9.434,9.434
2019-05-14 00:00:00,3.877,9.313,9.313,9.313,9.313
2019-05-15 00:00:00,3.886,9.358,9.358,9.358,9.358
2019-05-16 00:00:00,3.904,9.288,9.288,9.288,9.288
2019-05-17 00:00:00,3.894,9.27,9.27,9.27,9.27
2019-05-20 00:00:00,3.896,9.262,9.262,9.262,9.262
2019-05-21 00:00:00,3.906,9.319,9.319,9.319,9.319
2019-05-22 00:00:00,3.862,9.362,9.362,9.362,9.362
2019-05-23 00:00:00,3.804,9.693,9.693,9.693,9.693
2019-05-24 00:00:00,3.8,9.571,9.571,9.571,9.571
2019-05-28 00:00:00,3.756,9.515,9.515,9.515,9.515
2019-05-29 00:00:00,3.75,9.739,9.739,9.739,9.739
2019-05-30 00:00:00,3.709,9.708,9.708,9.708,9.708
2019-05-31 00:00:00,3.621,9.859,9.859,9.859,9.859
2019-06-03 00:00:00,3.565,9.935,9.935,9.935,9.935
2019-06-04 00:00:00,3.645,9.833,9.833,9.833,9.833
2019-06-05 00:00:00,3.67,10.006,10.006,10.006,10.006
2019-06-06 00:00:00,3.651,9.938,9.938,9.938,9.938
2019-06-07 00:00:00,3.623,9.816,9.816,9.816,9.816
2019-06-10 00:00:00,3.675,9.805,9.805,9.805,9.805
2019-06-11 00:00:00,3.656,9.77,9.77,9.77,9.77
2019-06-12 00:00:00,3.635,10.015,10.015,10.015,10.015
2019-06-13 00:00:00,3.825,10.067,10.067,10.067,10.067
2019-06-14 00:00:00,3.795,10.137,10.137,10.137,10.137
2019-06-17 00:00:00,3.818,10.288,10.288,10.288,10.288
2019-06-18 00:00:00,3.778,10.126,10.126,10.126,10.126
2019-06-19 00:00:00,3.742,10,10,10,10
2019-06-20 00:00:00,3.718,9.972,9.972,9.972,9.972
2019-06-21 00:00:00,3.74,9.797,9.797,9.797,9.797
2019-06-24 00:00:00,3.693,9.754,9.754,9.754,9.754
2019-06-25 00:00:00,3.659,9.803,9.803,9.803,9.803
2019-06-26 00:00:00,3.726,9.678,9.678,9.678,9.678
2019-06-27 00:00:00,3.697,9.697,9.697,9.697,9.697
2019-06-28 00:00:00,3.713,9.748,9.748,9.748,9.748
2019-07-01 00:00:00,3.738,9.675,9.675,9.675,9.675
2019-07-02 00:00:00,3.685,9.663,9.663,9.663,9.663
2019-07-03 00:00:00,3.652,9.799,9.799,9.799,9.799
2019-07-05 00:00:00,3.733,9.778,9.778,9.778,9.778
2019-07-08 00:00:00,3.727,9.838,9.838,9.838,9.838
2019-07-09 00:00:00,3.742,9.808,9.808,9.808,9.808
2019-08-19 00:00:00,3.293,11.342,11.342,11.342,11.342
2019-08-20 00:00:00,3.247,11.298,11.298,11.298,11.298
2019-08-21 00:00:00,3.196,10.974,10.974,10.974,10.974
2019-08-22 00:00:00,3.239,10.937,10.937,10.937,10.937
2019-08-23 00:00:00,3.153,11.069,11.069,11.069,11.069
2019-08-26 00:00:00,3.173,11.109,11.109,11.109,11.109
2019-08-27 00:00:00,3.084,11.144,11.144,11.144,11.144
2019-08-28 00:00:00,3.078,11.137,11.137,11.137,11.137
2019-08-29 00:00:00,3.084,11.104,11.104,11.104,11.104
2019-08-30 00:00:00,3.091,11.077,11.077,11.077,11.077
2019-09-03 00:00:00,3.053,11.186,11.186,11.186,11.186
2019-09-04 00:00:00,3.072,11.239,11.239,11.239,11.239
2019-09-05 00:00:00,3.165,11.188,11.188,11.188,11.188
2019-09-06 00:00:00,3.157,11.262,11.262,11.262,11.262
2019-09-09 00:00:00,3.251,11.155,11.155,11.155,11.155
2019-09-10 00:00:00,3.336,11.001,11.001,11.001,11.001
2019-09-11 00:00:00,3.336,10.991,10.991,10.991,10.991
2019-09-12 00:00:00,3.371,11.084,11.084,11.084,11.084
2019-09-13 00:00:00,3.39,11.038,11.038,11.038,11.038
2019-09-16 00:00:00,3.331,10.205,10.205,10.205,10.205
2019-09-17 00:00:00,3.288,10.753,10.753,10.753,10.753
2019-09-18 00:00:00,3.262,10.93,10.93,10.93,10.93
2019-09-19 00:00:00,3.25,10.878,10.878,10.878,10.878
2019-09-20 00:00:00,3.197,11.045,11.045,11.045,11.045
2019-09-23 00:00:00,3.197,10.847,10.847,10.847,10.847
2019-09-24 00:00:00,3.115,11.003,11.003,11.003,11.003
2019-09-25 00:00:00,3.198,11.257,11.257,11.257,11.257
2019-09-26 00:00:00,3.164,11.323,11.323,11.323,11.323
2019-09-27 00:00:00,3.165,11.776,11.776,11.776,11.776
2019-09-30 00:00:00,3.156,12.19,12.19,12.19,12.19
2019-10-11 00:00:00,3.273,13.162,13.162,13.162,13.162
2019-10-15 00:00:00,3.197,13.094,13.094,13.094,13.094
2019-10-16 00:00:00,3.157,13.006,13.006,13.006,13.006
2019-10-17 00:00:00,3.171,12.836,12.836,12.836,12.836
2019-10-18 00:00:00,3.202,12.84,12.84,12.84,12.84
2019-10-21 00:00:00,3.283,12.703,12.703,12.703,12.703
2019-10-22 00:00:00,3.236,12.622,12.622,12.622,12.622
2019-10-23 00:00:00,3.211,12.564,12.564,12.564,12.564
2019-10-24 00:00:00,3.202,12.422,12.422,12.422,12.422
2019-10-25 00:00:00,3.226,12.331,12.331,12.331,12.331
2019-10-28 00:00:00,3.29,12.307,12.307,12.307,12.307
2019-10-29 00:00:00,3.284,12.043,12.043,12.043,12.043
2019-10-30 00:00:00,3.217,12.04,12.04,12.04,12.04
2019-10-31 00:00:00,3.131,12.235,12.235,12.235,12.235
2019-11-01 00:00:00,3.129,11.957,11.957,11.957,11.957
2019-11-04 00:00:00,3.218,11.813,11.813,11.813,11.813
2019-11-05 00:00:00,3.279,11.751,11.751,11.751,11.751
2019-11-06 00:00:00,3.243,11.836,11.836,11.836,11.836
2019-11-07 00:00:00,3.336,11.692,11.692,11.692,11.692
2019-11-08 00:00:00,3.349,11.543,11.543,11.543,11.543
2019-11-12 00:00:00,3.336,11.778,11.778,11.778,11.778
2019-11-13 00:00:00,3.288,11.88,11.88,11.88,11.88
2019-11-14 00:00:00,3.233,11.882,11.882,11.882,11.882
2019-11-15 00:00:00,3.236,11.865,11.865,11.865,11.865
2019-11-18 00:00:00,3.214,11.853,11.853,11.853,11.853
2019-11-19 00:00:00,3.173,12.35,12.35,12.35,12.35
2019-12-06 00:00:00,3.205,11.789,11.789,11.789,11.789
2019-12-09 00:00:00,3.175,11.721,11.721,11.721,11.721
2019-12-10 00:00:00,3.172,11.518,11.518,11.518,11.518
2019-12-11 00:00:00,3.134,11.471,11.471,11.471,11.471
2019-12-12 00:00:00,3.265,11.188,11.188,11.188,11.188
2019-12-13 00:00:00,3.107,10.679,10.679,10.679,10.679
2019-12-16 00:00:00,3.13,10.232,10.232,10.232,10.232
2019-12-17 00:00:00,3.127,10.151,10.151,10.151,10.151
2019-12-18 00:00:00,3.17,10.236,10.236,10.236,10.236
2019-12-19 00:00:00,3.185,10.183,10.183,10.183,10.183
2019-12-20 00:00:00,3.153,10.279,10.279,10.279,10.279
2019-12-23 00:00:00,3.153,10.166,10.166,10.166,10.166
2019-12-24 00:00:00,3.132,10.18,10.18,10.18,10.18
2019-12-26 00:00:00,3.125,10.243,10.243,10.243,10.243
2019-12-27 00:00:00,3.115,10.283,10.283,10.283,10.283
2019-12-30 00:00:00,3.126,10.206,10.206,10.206,10.206
2019-12-31 00:00:00,3.195,10.284,10.284,10.284,10.284
2020-01-02 00:00:00,3.169,10.273,10.273,10.273,10.273
2020-01-03 00:00:00,3.147,9.872,9.872,9.872,9.872
2020-01-06 00:00:00,3.161,10.07,10.07,10.07,10.07
2020-01-07 00:00:00,3.139,10.013,10.013,10.013,10.013
2020-01-08 00:00:00,3.236,10.316,10.316,10.316,10.316
2020-01-09 00:00:00,3.146,9.987,9.987,9.987,9.987
2020-01-10 00:00:00,3.092,10.249,10.249,10.249,10.249
2020-01-13 00:00:00,3.131,10.408,10.408,10.408,10.408
2020-01-14 00:00:00,3.14,10.396,10.396,10.396,10.396
2020-01-15 00:00:00,3.124,10.406,10.406,10.406,10.406
2020-01-16 00:00:00,3.161,10.393,10.393,10.393,10.393
2020-01-17 00:00:00,3.137,10.373,10.373,10.373,10.373
2020-01-21 00:00:00,3.11,10.423,10.423,10.423,10.423
2020-01-22 00:00:00,3.073,10.736,10.736,10.736,10.736
2020-01-23 00:00:00,3.079,10.787,10.787,10.787,10.787
2020-01-24 00:00:00,3.025,11.05,11.05,11.05,11.05
2020-01-27 00:00:00,3.018,11.422,11.422,11.422,11.422
2020-01-28 00:00:00,3.036,11.163,11.163,11.163,11.163
2020-01-29 00:00:00,2.956,11.125,11.125,11.125,11.125
2020-01-30 00:00:00,3.017,11.412,11.412,11.412,11.412
2020-01-31 00:00:00,2.943,11.407,11.407,11.407,11.407
2020-02-03 00:00:00,2.962,11.614,11.614,11.614,11.614
2020-05-15 00:00:00,3.568,24.8,24.8,24.8,24.8
2020-05-18 00:00:00,3.606,23.607,23.607,23.607,23.607
2020-05-19 00:00:00,3.594,23.671,23.671,23.671,23.671
2020-05-20 00:00:00,3.591,23.372,23.372,23.372,23.372
2020-05-21 00:00:00,3.587,23.539,23.539,23.539,23.539
2020-05-22 00:00:00,3.585,23.563,23.563,23.563,23.563
2020-05-26 00:00:00,3.629,23.271,23.271,23.271,23.271
2020-05-27 00:00:00,3.674,23.159,23.159,23.159,23.159
2020-05-28 00:00:00,3.686,23.745,23.745,23.745,23.745
2020-05-29 00:00:00,3.607,23.562,23.562,23.562,23.562
2020-06-01 00:00:00,3.62,23.649,23.649,23.649,23.649
2020-06-02 00:00:00,3.647,23.127,23.127,23.127,23.127
2020-06-03 00:00:00,3.702,22.394,22.394,22.394,22.394
2020-06-04 00:00:00,3.789,21.994,21.994,21.994,21.994
2020-06-05 00:00:00,3.84,19.038,19.038,19.038,19.038
2020-06-08 00:00:00,3.819,18.077,18.077,18.077,18.077
2020-06-09 00:00:00,3.348,18.142,18.142,18.142,18.142
2020-06-10 00:00:00,3.276,18.72,18.72,18.72,18.72
2020-06-11 00:00:00,3.207,19.152,19.152,19.152,19.152
2020-06-12 00:00:00,3.345,21.002,21.002,21.002,21.002
2020-06-15 00:00:00,3.355,21.399,21.399,21.399,21.399
2020-06-16 00:00:00,3.355,21.078,21.078,21.078,21.078
2020-06-17 00:00:00,3.331,21.029,21.029,21.029,21.029
2020-06-18 00:00:00,3.298,21.106,21.106,21.106,21.106
2020-06-19 00:00:00,3.284,21.136,21.136,21.136,21.136
2020-06-22 00:00:00,3.302,21.7,21.7,21.7,21.7
2020-06-23 00:00:00,3.318,23.343,23.343,23.343,23.343
2020-06-24 00:00:00,3.276,23.325,23.325,23.325,23.325
2020-06-25 00:00:00,3.28,23.276,23.276,23.276,23.276
2020-06-26 00:00:00,3.229,23.565,23.565,23.565,23.565
2020-06-29 00:00:00,3.218,24.781,24.781,24.781,24.781
2020-06-30 00:00:00,3.252,24.457,24.457,24.457,24.457
2020-07-01 00:00:00,3.267,25.124,25.124,25.124,25.124
2020-07-02 00:00:00,3.262,25.601,25.601,25.601,25.601
2020-07-06 00:00:00,3.269,26.01,26.01,26.01,26.01
2020-07-07 00:00:00,2.946,26.07,26.07,26.07,26.07
2020-07-08 00:00:00,2.872,25.887,25.887,25.887,25.887
2020-07-09 00:00:00,2.816,25.816,25.816,25.816,25.816
2020-07-10 00:00:00,2.86,26.385,26.385,26.385,26.385
2020-07-13 00:00:00,2.831,26.469,26.469,26.469,26.469
2020-07-14 00:00:00,2.833,26.955,26.955,26.955,26.955
2020-07-15 00:00:00,2.867,26.813,26.813,26.813,26.813
2020-07-16 00:00:00,2.853,26.259,26.259,26.259,26.259
2020-07-17 00:00:00,2.872,26.602,26.602,26.602,26.602
2020-07-20 00:00:00,2.847,26.354,26.354,26.354,26.354
2020-07-21 00:00:00,2.846,26.616,26.616,26.616,26.616
2020-07-22 00:00:00,2.838,25.757,25.757,25.757,25.757
2020-07-23 00:00:00,2.76,26.695,26.695,26.695,26.695
2020-07-24 00:00:00,2.599,26.672,26.672,26.672,26.672
2020-07-27 00:00:00,2.627,27.254,27.254,27.254,27.254
2020-07-28 00:00:00,2.593,27.694,27.694,27.694,27.694
2020-07-29 00:00:00,2.721,27.392,27.392,27.392,27.392
2020-07-30 00:00:00,2.79,26.439,26.439,26.439,26.439
2020-07-31 00:00:00,2.77,26.919,26.919,26.919,26.919
2020-08-03 00:00:00,2.799,26.596,26.596,26.596,26.596
2020-08-04 00:00:00,2.759,26.772,26.772,26.772,26.772
2020-08-05 00:00:00,2.83,25.131,25.131,25.131,25.131
2020-08-06 00:00:00,2.822,25.75,25.75,25.75,25.75
2020-08-07 00:00:00,2.866,25.517,25.517,25.517,25.517
2020-08-10 00:00:00,2.888,24.731,24.731,24.731,24.731
2020-08-11 00:00:00,2.943,24.525,24.525,24.525,24.525
2020-08-12 00:00:00,2.973,25.455,25.455,25.455,25.455
2020-08-13 00:00:00,3.122,25.951,25.951,25.951,25.951
2020-08-14 00:00:00,3.096,26.322,26.322,26.322,26.322
2020-08-17 00:00:00,3.121,27.068,27.068,27.068,27.068
2020-08-18 00:00:00,3.088,27.563,27.563,27.563,27.563
2020-08-19 00:00:00,3.105,31.274,31.274,31.274,31.274
2020-11-23 00:00:00,3.099,33.467,33.467,33.467,33.467
2020-11-24 00:00:00,3.137,27.046,27.046,27.046,27.046
2020-11-25 00:00:00,3.143,26.038,26.038,26.038,26.038
2020-11-27 00:00:00,3.108,25.784,25.784,25.784,25.784
2020-11-30 00:00:00,3.11,26.641,26.641,26.641,26.641
2020-12-01 00:00:00,3.195,26.182,26.182,26.182,26.182
2020-12-02 00:00:00,3.208,26.502,26.502,26.502,26.502
2020-12-03 00:00:00,3.18,26.877,26.877,26.877,26.877
2020-12-04 00:00:00,3.261,25.551,25.551,25.551,25.551
2020-12-07 00:00:00,3.217,25.351,25.351,25.351,25.351
2020-12-08 00:00:00,3.212,24.45,24.45,24.45,24.45
2020-12-09 00:00:00,3.171,24.151,24.151,24.151,24.151
2020-12-10 00:00:00,3.122,22.979,22.979,22.979,22.979
2020-12-11 00:00:00,3.11,22.062,22.062,22.062,22.062
2020-12-14 00:00:00,3.123,21.069,21.069,21.069,21.069
2020-12-15 00:00:00,3.134,21.941,21.941,21.941,21.941
2020-12-16 00:00:00,3.143,21.829,21.829,21.829,21.829
2020-12-17 00:00:00,3.16,21.444,21.444,21.444,21.444
2020-12-18 00:00:00,3.173,21.3,21.3,21.3,21.3
2020-12-21 00:00:00,3.161,21.809,21.809,21.809,21.809
2020-12-22 00:00:00,3.145,22.432,22.432,22.432,22.432
2020-12-23 00:00:00,3.175,21.959,21.959,21.959,21.959
2020-12-24 00:00:00,3.142,21.96,21.96,21.96,21.96
2020-12-28 00:00:00,3.13,21.912,21.912,21.912,21.912
2020-12-29 00:00:00,3.145,21.825,21.825,21.825,21.825
2020-12-30 00:00:00,3.126,21.602,21.602,21.602,21.602
2020-12-31 00:00:00,3.113,21.553,21.553,21.553,21.553
2021-01-04 00:00:00,3.107,20.942,20.942,20.942,20.942
2021-01-05 00:00:00,3.148,19.981,19.981,19.981,19.981
2021-01-06 00:00:00,3.23,19.528,19.528,19.528,19.528
2021-01-07 00:00:00,3.276,19.539,19.539,19.539,19.539
2021-01-08 00:00:00,3.319,19.357,19.357,19.357,19.357
2021-01-11 00:00:00,3.338,19.64,19.64,19.64,19.64
2021-01-12 00:00:00,3.318,18.627,18.627,18.627,18.627
2021-01-13 00:00:00,3.239,18.337,18.337,18.337,18.337
2021-01-14 00:00:00,3.275,18.129,18.129,18.129,18.129
2021-01-15 00:00:00,3.225,18.399,18.399,18.399,18.399
2021-01-19 00:00:00,3.233,17.733,17.733,17.733,17.733
2021-01-20 00:00:00,3.226,17.948,17.948,17.948,17.948
2021-01-21 00:00:00,3.263,18.335,18.335,18.335,18.335
2021-01-22 00:00:00,3.261,18.601,18.601,18.601,18.601
2021-01-25 00:00:00,3.212,18.96,18.96,18.96,18.96
2021-01-26 00:00:00,3.213,19.21,19.21,19.21,19.21
2021-01-27 00:00:00,3.198,18.814,18.814,18.814,18.814
2021-01-28 00:00:00,3.228,18.662,18.662,18.662,18.662
2021-01-29 00:00:00,3.273,19.228,19.228,19.228,19.228
2021-02-01 00:00:00,3.294,19.192,19.192,19.192,19.192
2021-02-02 00:00:00,3.317,18.958,18.958,18.958,18.958
2021-02-03 00:00:00,3.372,18.922,18.922,18.922,18.922
2021-02-04 00:00:00,3.389,19.083,19.083,19.083,19.083
2021-02-05 00:00:00,3.422,18.4,18.4,18.4,18.4
2021-02-08 00:00:00,3.404,17.4,17.4,17.4,17.4
2021-02-09 00:00:00,3.294,17.262,17.262,17.262,17.262
2021-02-10 00:00:00,3.257,17.063,17.063,17.063,17.063
2021-02-11 00:00:00,3.294,17.076,17.076,17.076,17.076
2021-02-12 00:00:00,3.349,17.087,17.087,17.087,17.087
2021-02-16 00:00:00,3.46,16.496,16.496,16.496,16.496
2021-02-17 00:00:00,3.397,16.277,16.277,16.277,16.277
2021-02-18 00:00:00,3.393,16.329,16.329,16.329,16.329
2021-02-19 00:00:00,3.402,16.396,16.396,16.396,16.396
2021-02-22 00:00:00,3.429,16.344,16.344,16.344,16.344
2021-02-23 00:00:00,3.41,16.297,16.297,16.297,16.297
2021-02-24 00:00:00,3.427,16.184,16.184,16.184,16.184
2021-02-25 00:00:00,3.51,16.185,16.185,16.185,16.185
2021-02-26 00:00:00,3.438,16.275,16.275,16.275,16.275
2021-03-01 00:00:00,3.484,15.696,15.696,15.696,15.696
2021-03-02 00:00:00,3.457,15.971,15.971,15.971,15.971
2021-03-03 00:00:00,3.545,15.928,15.928,15.928,15.928
2021-03-04 00:00:00,3.618,15.898,15.898,15.898,15.898
2021-03-05 00:00:00,3.602,15.65,15.65,15.65,15.65
2021-03-08 00:00:00,3.609,15.707,15.707,15.707,15.707
2021-03-09 00:00:00,3.519,15.592,15.592,15.592,15.592
2021-03-10 00:00:00,3.498,15.788,15.788,15.788,15.788
2021-03-11 00:00:00,3.552,14.966,14.966,14.966,14.966
2021-03-12 00:00:00,3.63,14.753,14.753,14.753,14.753
2021-03-15 00:00:00,3.609,14.775,14.775,14.775,14.775
2021-03-16 00:00:00,3.618,14.675,14.675,14.675,14.675
2021-03-17 00:00:00,3.656,14.755,14.755,14.755,14.755
2021-03-18 00:00:00,3.69,15.503,15.503,15.503,15.503
2021-03-19 00:00:00,3.78,15.893,15.893,15.893,15.893
2021-03-22 00:00:00,3.74,15.887,15.887,15.887,15.887
2021-03-23 00:00:00,3.629,16.306,16.306,16.306,16.306
2021-03-24 00:00:00,3.567,16.48,16.48,16.48,16.48
2021-03-25 00:00:00,3.62,16.436,16.436,16.436,16.436
2021-03-26 00:00:00,3.647,16.551,16.551,16.551,16.551
2021-03-29 00:00:00,3.638,16.369,16.369,16.369,16.369
2021-03-30 00:00:00,3.595,16.029,16.029,16.029,16.029
2021-03-31 00:00:00,3.641,16.338,16.338,16.338,16.338
2021-04-01 00:00:00,3.555,16.035,16.035,16.035,16.035
2021-04-02 00:00:00,3.597,16.035,16.035,16.035,16.035
2021-04-05 00:00:00,3.58,16.093,16.093,16.093,16.093
2021-04-06 00:00:00,3.511,16.074,16.074,16.074,16.074
2021-04-07 00:00:00,3.532,16.045,16.045,16.045,16.045
2021-04-08 00:00:00,3.472,15.88,15.88,15.88,15.88
2021-04-09 00:00:00,3.522,15.609,15.609,15.609,15.609
2021-04-12 00:00:00,3.519,16.074,16.074,16.074,16.074
2021-04-13 00:00:00,3.469,16.038,16.038,16.038,16.038
2021-04-14 00:00:00,3.469,15.791,15.791,15.791,15.791
2021-04-15 00:00:00,3.415,15.784,15.784,15.784,15.784
2021-04-16 00:00:00,3.338,15.715,15.715,15.715,15.715
2021-04-28 00:00:00,3.321,15.709,15.709,15.709,15.709
2021-04-29 00:00:00,3.319,15.448,15.448,15.448,15.448
2021-04-30 00:00:00,3.344,15.656,15.656,15.656,15.656
2021-05-03 00:00:00,3.226,15.566,15.566,15.566,15.566
2021-05-04 00:00:00,3.231,15.247,15.247,15.247,15.247
2021-05-05 00:00:00,3.215,15.15,15.15,15.15,15.15
2021-05-06 00:00:00,3.196,14.962,14.962,14.962,14.962
2021-05-07 00:00:00,3.246,14.66,14.66,14.66,14.66
2021-05-10 00:00:00,3.279,14.193,14.193,14.193,14.193
2021-05-11 00:00:00,3.356,14.045,14.045,14.045,14.045
2021-05-12 00:00:00,3.385,13.872,13.872,13.872,13.872
2021-05-13 00:00:00,3.34,14.247,14.247,14.247,14.247
2021-05-14 00:00:00,3.367,14.069,14.069,14.069,14.069
2021-05-17 00:00:00,3.394,13.959,13.959,13.959,13.959
2021-05-18 00:00:00,3.368,14.021,14.021,14.021,14.021
2021-05-19 00:00:00,3.403,14.48,14.48,14.48,14.48
2021-05-20 00:00:00,3.403,14.406,14.406,14.406,14.406
2021-05-21 00:00:00,3.384,14.606,14.606,14.606,14.606
2021-05-24 00:00:00,3.363,14.5,14.5,14.5,14.5
2021-05-25 00:00:00,3.311,14.5,14.5,14.5,14.5
2021-05-26 00:00:00,3.327,14.27,14.27,14.27,14.27
2021-06-03 00:00:00,3.24,13.901,13.901,13.901,13.901
2021-06-04 00:00:00,3.189,13.798,13.798,13.798,13.798
2021-06-07 00:00:00,3.201,13.292,13.292,13.292,13.292
2021-06-08 00:00:00,3.155,13.353,13.353,13.353,13.353
2021-06-09 00:00:00,3.113,13.305,13.305,13.305,13.305
2021-06-10 00:00:00,3.064,13.221,13.221,13.221,13.221
2021-06-11 00:00:00,3.077,13.157,13.157,13.157,13.157
2021-06-14 00:00:00,3.118,13.163,13.163,13.163,13.163
2021-06-15 00:00:00,3.152,12.359,12.359,12.359,12.359
2021-06-16 00:00:00,3.188,12.286,12.286,12.286,12.286
2021-06-17 00:00:00,3.053,12.253,12.253,12.253,12.253
2021-06-18 00:00:00,2.968,12.35,12.35,12.35,12.35
2021-06-21 00:00:00,3.051,12.516,12.516,12.516,12.516
2021-06-22 00:00:00,3.057,12.456,12.456,12.456,12.456
2021-06-23 00:00:00,3.087,12.324,12.324,12.324,12.324
2021-06-24 00:00:00,3.052,12.183,12.183,12.183,12.183
2021-06-25 00:00:00,3.092,11.921,11.921,11.921,11.921
2021-06-28 00:00:00,3.054,11.887,11.887,11.887,11.887
2021-06-29 00:00:00,3.089,11.759,11.759,11.759,11.759
2021-06-30 00:00:00,3.067,11.632,11.632,11.632,11.632
2021-07-01 00:00:00,3.059,11.036,11.036,11.036,11.036
2021-07-02 00:00:00,3.028,10.957,10.957,10.957,10.957
2021-07-06 00:00:00,2.954,10.696,10.696,10.696,10.696
2021-07-07 00:00:00,2.95,10.691,10.691,10.691,10.691
2021-07-08 00:00:00,2.936,11.34,11.34,11.34,11.34
2021-07-09 00:00:00,3.019,10.953,10.953,10.953,10.953
2021-07-12 00:00:00,3.018,11.146,11.146,11.146,11.146
2021-07-13 00:00:00,3.005,11.254,11.254,11.254,11.254
2021-07-14 00:00:00,2.996,11.38,11.38,11.38,11.38
2021-07-15 00:00:00,2.938,11.992,11.992,11.992,11.992
2021-07-16 00:00:00,2.929,12.632,12.632,12.632,12.632
2021-07-29 00:00:00,2.947,13.88,13.88,13.88,13.88
2021-07-30 00:00:00,2.889,13.909,13.909,13.909,13.909
2021-08-02 00:00:00,2.885,13.876,13.876,13.876,13.876
2021-08-03 00:00:00,2.831,13.968,13.968,13.968,13.968
2021-08-04 00:00:00,2.866,14.465,14.465,14.465,14.465
2021-08-05 00:00:00,2.903,14.907,14.907,14.907,14.907
2021-08-06 00:00:00,2.942,14.741,14.741,14.741,14.741
2021-08-09 00:00:00,2.958,15.722,15.722,15.722,15.722
2021-08-10 00:00:00,3.005,15.314,15.314,15.314,15.314
2021-08-11 00:00:00,2.994,15.492,15.492,15.492,15.492
2021-08-12 00:00:00,3.003,15.169,15.169,15.169,15.169
2021-08-13 00:00:00,2.924,15.324,15.324,15.324,15.324
2021-08-16 00:00:00,2.914,15.568,15.568,15.568,15.568
2021-08-17 00:00:00,2.921,15.435,15.435,15.435,15.435
2021-08-18 00:00:00,2.915,15.315,15.315,15.315,15.315
2021-08-19 00:00:00,2.895,15.777,15.777,15.777,15.777
2021-08-20 00:00:00,2.9,15.981,15.981,15.981,15.981
2021-08-31 00:00:00,2.994,13.75,13.75,13.75,13.75
2021-09-01 00:00:00,2.985,13.719,13.719,13.719,13.719
2021-09-02 00:00:00,2.958,13.244,13.244,13.244,13.244
2021-09-03 00:00:00,2.994,13.231,13.231,13.231,13.231
2021-09-07 00:00:00,3.044,13.29,13.29,13.29,13.29
2021-09-08 00:00:00,3.039,13.192,13.192,13.192,13.192
2021-09-09 00:00:00,2.98,13.372,13.372,13.372,13.372
2021-09-10 00:00:00,3.002,13.46,13.46,13.46,13.46
2021-09-13 00:00:00,2.969,13.485,13.485,13.485,13.485
2021-09-14 00:00:00,2.939,13.364,13.364,13.364,13.364
2021-09-15 00:00:00,2.955,13.331,13.331,13.331,13.331
2021-09-16 00:00:00,2.992,13.197,13.197,13.197,13.197
2021-09-17 00:00:00,2.986,13.065,13.065,13.065,13.065
2021-09-20 00:00:00,2.977,13.543,13.543,13.543,13.543
2021-09-21 00:00:00,2.982,13.654,13.654,13.654,13.654
2021-09-22 00:00:00,2.953,13.679,13.679,13.679,13.679
2021-09-23 00:00:00,3.054,13.593,13.593,13.593,13.593
2021-09-24 00:00:00,3.084,13.53,13.53,13.53,13.53
2021-09-27 00:00:00,3.093,13.295,13.295,13.295,13.295
2021-09-28 00:00:00,3.182,12.767,12.767,12.767,12.767
2021-09-29 00:00:00,3.16,12.77,12.77,12.77,12.77
2021-09-30 00:00:00,3.151,12.782,12.782,12.782,12.782
2021-10-01 00:00:00,3.143,12.624,12.624,12.624,12.624
2021-10-04 00:00:00,3.162,12.471,12.471,12.471,12.471
2021-10-05 00:00:00,3.195,12.186,12.186,12.186,12.186
2021-10-06 00:00:00,3.175,12.379,12.379,12.379,12.379
2021-10-07 00:00:00,3.158,12.384,12.384,12.384,12.384
2021-10-08 00:00:00,3.263,12.346,12.346,12.346,12.346
2021-10-12 00:00:00,3.219,12.338,12.338,12.338,12.338
2021-10-13 00:00:00,3.135,12.446,12.446,12.446,12.446
2021-10-14 00:00:00,3.113,12.552,12.552,12.552,12.552
2021-10-15 00:00:00,3.064,12.288,12.288,12.288,12.288
2021-10-18 00:00:00,3.142,12.258,12.258,12.258,12.258
2021-10-19 00:00:00,3.182,12.156,12.156,12.156,12.156
2021-10-20 00:00:00,3.213,12.109,12.109,12.109,12.109
2021-10-21 00:00:00,3.25,12.067,12.067,12.067,12.067
2021-10-22 00:00:00,3.18,12.199,12.199,12.199,12.199
2021-10-25 00:00:00,3.193,12.153,12.153,12.153,12.153
2021-10-26 00:00:00,3.109,12.066,12.066,12.066,12.066
2021-10-27 00:00:00,3.062,12.129,12.129,12.129,12.129
2021-10-28 00:00:00,3.077,12.469,12.469,12.469,12.469
2021-10-29 00:00:00,3.087,12.631,12.631,12.631,12.631
2021-11-01 00:00:00,3.138,12.473,12.473,12.473,12.473
2021-11-02 00:00:00,3.12,12.701,12.701,12.701,12.701
2021-11-03 00:00:00,3.143,12.961,12.961,12.961,12.961
2021-11-04 00:00:00,3.079,12.947,12.947,12.947,12.947
2021-11-05 00:00:00,3.052,12.802,12.802,12.802,12.802
2021-11-08 00:00:00,3.062,12.606,12.606,12.606,12.606
2021-11-09 00:00:00,2.987,12.771,12.771,12.771,12.771
2021-11-10 00:00:00,3.093,12.888,12.888,12.888,12.888
2021-11-12 00:00:00,3.07,13.319,13.319,13.319,13.319
2021-11-15 00:00:00,3.12,13.508,13.508,13.508,13.508
2021-11-16 00:00:00,3.187,13.509,13.509,13.509,13.509
2021-11-17 00:00:00,3.176,13.7,13.7,13.7,13.7
2021-11-18 00:00:00,3.156,13.723,13.723,13.723,13.723
2021-11-19 00:00:00,3.12,13.827,13.827,13.827,13.827
2021-11-22 00:00:00,3.186,13.766,13.766,13.766,13.766
2021-11-23 00:00:00,3.234,13.795,13.795,13.795,13.795
2021-11-24 00:00:00,3.22,13.816,13.816,13.816,13.816
2021-11-26 00:00:00,3.087,14.659,14.659,14.659,14.659
2021-11-29 00:00:00,3.146,14.323,14.323,14.323,14.323
2021-11-30 00:00:00,3.155,15.029,15.029,15.029,15.029
2021-12-01 00:00:00,3.107,14.664,14.664,14.664,14.664
2021-12-02 00:00:00,3.11,14.907,14.907,14.907,14.907
2021-12-03 00:00:00,3.07,14.616,14.616,14.616,14.616
2021-12-06 00:00:00,3.15,14.544,14.544,14.544,14.544
2021-12-07 00:00:00,3.16,13.728,13.728,13.728,13.728
2021-12-08 00:00:00,3.189,13.683,13.683,13.683,13.683
2021-12-09 00:00:00,3.19,13.766,13.766,13.766,13.766
2021-12-10 00:00:00,3.161,13.711,13.711,13.711,13.711
2021-12-13 00:00:00,3.101,13.864,13.864,13.864,13.864
2021-12-14 00:00:00,3.088,14.134,14.134,14.134,14.134
2021-12-15 00:00:00,3.139,14.285,14.285,14.285,14.285
2021-12-16 00:00:00,3.117,13.993,13.993,13.993,13.993
2021-12-17 00:00:00,3.072,14.085,14.085,14.085,14.085
2021-12-20 00:00:00,3.115,14.463,14.463,14.463,14.463
2021-12-21 00:00:00,3.057,14.414,14.414,14.414,14.414
2021-12-22 00:00:00,3.088,14.022,14.022,14.022,14.022
2021-12-23 00:00:00,3.122,14.095,14.095,14.095,14.095
2021-12-27 00:00:00,3.103,13.955,13.955,13.955,13.955
2021-12-28 00:00:00,3.108,13.86,13.86,13.86,13.86
2021-12-29 00:00:00,3.175,13.86,13.86,13.86,13.86
2021-12-30 00:00:00,3.13,13.801,13.801,13.801,13.801
2021-12-31 00:00:00,3.12,13.997,13.997,13.997,13.997
2022-01-03 00:00:00,3.222,13.59,13.59,13.59,13.59
2022-01-04 00:00:00,3.251,13.334,13.334,13.334,13.334
2022-01-05 00:00:00,3.257,12.963,12.963,12.963,12.963
2022-01-06 00:00:00,3.283,12.99,12.99,12.99,12.99
2022-01-07 00:00:00,3.319,13.059,13.059,13.059,13.059
2022-01-10 00:00:00,3.328,13.174,13.174,13.174,13.174
2022-06-10 00:00:00,5.102,12.322,12.322,12.322,12.322
2022-06-13 00:00:00,5.343,12.892,12.892,12.892,12.892
2022-06-14 00:00:00,5.465,12.971,12.971,12.971,12.971
2022-06-15 00:00:00,5.237,12.978,12.978,12.978,12.978
2022-06-16 00:00:00,5.144,13.137,13.137,13.137,13.137
2022-06-17 00:00:00,5.182,13.307,13.307,13.307,13.307
2022-06-21 00:00:00,5.196,13.471,13.471,13.471,13.471
2022-06-22 00:00:00,5.103,13.623,13.623,13.623,13.623
2022-06-23 00:00:00,5.078,14.028,14.028,14.028,14.028
2022-06-24 00:00:00,5.118,13.996,13.996,13.996,13.996
2022-06-27 00:00:00,5.061,13.76,13.76,13.76,13.76
2022-06-28 00:00:00,5.042,13.931,13.931,13.931,13.931
2022-06-29 00:00:00,4.97,14.145,14.145,14.145,14.145
2022-06-30 00:00:00,4.902,14.669,14.669,14.669,14.669
2022-07-01 00:00:00,4.805,14.645,14.645,14.645,14.645
2022-07-05 00:00:00,4.727,15.139,15.139,15.139,15.139
2022-07-06 00:00:00,4.826,15.33,15.33,15.33,15.33
2022-07-07 00:00:00,4.894,14.966,14.966,14.966,14.966
2022-07-08 00:00:00,4.979,15.166,15.166,15.166,15.166
2022-07-11 00:00:00,4.893,15.405,15.405,15.405,15.405
2022-07-12 00:00:00,4.873,16.251,16.251,16.251,16.251
2022-07-13 00:00:00,4.837,17.211,17.211,17.211,17.211
2022-07-14 00:00:00,4.847,18.169,18.169,18.169,18.169
2022-07-25 00:00:00,4.708,18.394,18.394,18.394,18.394
2022-07-26 00:00:00,4.781,18.425,18.425,18.425,18.425
2022-07-27 00:00:00,4.824,17.845,17.845,17.845,17.845
2022-07-28 00:00:00,4.674,17.104,17.104,17.104,17.104
2022-07-29 00:00:00,4.642,16.621,16.621,16.621,16.621
2022-08-01 00:00:00,4.539,15.363,15.363,15.363,15.363
2022-08-02 00:00:00,4.704,13.708,13.708,13.708,13.708
2022-08-03 00:00:00,4.651,13.611,13.611,13.611,13.611
2022-08-04 00:00:00,4.641,13.863,13.863,13.863,13.863
2022-08-05 00:00:00,4.76,14.111,14.111,14.111,14.111
2022-08-08 00:00:00,4.66,14.258,14.258,14.258,14.258
2022-08-09 00:00:00,4.657,14.268,14.268,14.268,14.268
2022-08-10 00:00:00,4.717,14.19,14.19,14.19,14.19
2022-08-11 00:00:00,4.777,14.234,14.234,14.234,14.234
2022-08-12 00:00:00,4.716,14.009,14.009,14.009,14.009
2022-08-15 00:00:00,4.672,14.147,14.147,14.147,14.147
2022-08-16 00:00:00,4.686,14.166,14.166,14.166,14.166
2022-08-17 00:00:00,4.782,14.234,14.234,14.234,14.234
2022-08-18 00:00:00,4.753,14.298,14.298,14.298,14.298
2022-08-19 00:00:00,4.876,14.146,14.146,14.146,14.146
2022-08-22 00:00:00,4.93,14.269,14.269,14.269,14.269
2022-08-23 00:00:00,4.975,14.216,14.216,14.216,14.216
2022-08-24 00:00:00,5.037,14.258,14.258,14.258,14.258
2022-08-25 00:00:00,4.955,13.77,13.77,13.77,13.77
2022-08-26 00:00:00,4.95,13.773,13.773,13.773,13.773
2022-08-29 00:00:00,5.011,13.682,13.682,13.682,13.682
2022-08-30 00:00:00,5.025,14.16,14.16,14.16,14.16
2022-08-31 00:00:00,5.217,14.389,14.389,14.389,14.389
2022-09-01 00:00:00,5.284,14.462,14.462,14.462,14.462
2022-09-02 00:00:00,5.232,14.517,14.517,14.517,14.517
2022-09-06 00:00:00,5.383,14.479,14.479,14.479,14.479
2022-09-07 00:00:00,5.3,14.209,14.209,14.209,14.209
2022-09-08 00:00:00,5.353,14.02,14.02,14.02,14.02
2022-09-09 00:00:00,5.368,13.949,13.949,13.949,13.949
2022-09-12 00:00:00,5.418,13.818,13.818,13.818,13.818
2022-09-13 00:00:00,5.439,13.647,13.647,13.647,13.647
2022-09-14 00:00:00,5.437,13.547,13.547,13.547,13.547
2022-09-15 00:00:00,5.463,13.617,13.617,13.617,13.617
2022-09-16 00:00:00,5.53,13.833,13.833,13.833,13.833
2022-09-19 00:00:00,5.558,13.764,13.764,13.764,13.764
2022-09-20 00:00:00,5.624,14.132,14.132,14.132,14.132
2022-09-21 00:00:00,5.56,14.137,14.137,14.137,14.137
2022-09-22 00:00:00,5.711,14.77,14.77,14.77,14.77
2022-09-23 00:00:00,5.666,15.363,15.363,15.363,15.363
2022-09-26 00:00:00,5.844,15.845,15.845,15.845,15.845
2022-09-27 00:00:00,5.885,15.749,15.749,15.749,15.749
2022-09-28 00:00:00,5.768,15.806,15.806,15.806,15.806
2022-09-29 00:00:00,5.835,15.588,15.588,15.588,15.588
2022-09-30 00:00:00,5.877,15.527,15.527,15.527,15.527
2022-10-03 00:00:00,5.738,14.951,14.951,14.951,14.951
2022-10-04 00:00:00,5.724,14.364,14.364,14.364,14.364
2022-10-05 00:00:00,5.834,14.396,14.396,14.396,14.396
2022-10-06 00:00:00,5.887,14.462,14.462,14.462,14.462
2022-10-07 00:00:00,5.92,14.325,14.325,14.325,14.325
2022-10-11 00:00:00,6.035,14.32,14.32,14.32,14.32
2022-10-12 00:00:00,5.966,14.047,14.047,14.047,14.047
2022-10-13 00:00:00,5.956,13.885,13.885,13.885,13.885
2022-10-14 00:00:00,5.986,13.764,13.764,13.764,13.764
2022-10-17 00:00:00,5.984,13.681,13.681,13.681,13.681
2022-10-18 00:00:00,5.969,13.638,13.638,13.638,13.638
2022-10-19 00:00:00,6.061,13.635,13.635,13.635,13.635
2022-10-20 00:00:00,6.281,13.47,13.47,13.47,13.47
2022-10-21 00:00:00,6.194,13.476,13.476,13.476,13.476
2022-10-24 00:00:00,6.202,13.318,13.318,13.318,13.318
2022-10-25 00:00:00,5.987,13.202,13.202,13.202,13.202
2022-10-26 00:00:00,5.936,13.049,13.049,13.049,13.049
2022-10-27 00:00:00,5.847,12.808,12.808,12.808,12.808
2022-10-28 00:00:00,6.048,12.702,12.702,12.702,12.702
2022-10-31 00:00:00,6.021,12.723,12.723,12.723,12.723
2022-11-01 00:00:00,6.027,12.425,12.425,12.425,12.425
2022-11-02 00:00:00,6.049,12.556,12.556,12.556,12.556
2022-11-03 00:00:00,6.167,12.007,12.007,12.007,12.007
2022-11-04 00:00:00,6.177,11.985,11.985,11.985,11.985
2022-11-07 00:00:00,6.209,12,12,12,12
2022-11-08 00:00:00,6.13,12.007,12.007,12.007,12.007
2022-11-09 00:00:00,6.1,12,12,12,12
2022-11-10 00:00:00,5.664,11.96,11.96,11.96,11.96
2022-11-14 00:00:00,5.622,11.83,11.83,11.83,11.83
2022-11-15 00:00:00,5.614,11.638,11.638,11.638,11.638
2022-11-16 00:00:00,5.464,11.593,11.593,11.593,11.593
2022-11-17 00:00:00,5.633,11.732,11.732,11.732,11.732
2022-11-18 00:00:00,5.587,11.781,11.781,11.781,11.781
2022-11-21 00:00:00,5.582,12.097,12.097,12.097,12.097
2022-11-22 00:00:00,5.609,12.133,12.133,12.133,12.133
2022-11-23 00:00:00,5.541,12.128,12.128,12.128,12.128
2022-11-25 00:00:00,5.537,12.071,12.071,12.071,12.071
2022-11-28 00:00:00,5.534,12.338,12.338,12.338,12.338
2022-11-29 00:00:00,5.585,12.404,12.404,12.404,12.404
2022-11-30 00:00:00,5.275,12.243,12.243,12.243,12.243
2022-12-01 00:00:00,5,11.778,11.778,11.778,11.778
2022-12-02 00:00:00,4.982,11.844,11.844,11.844,11.844
2022-12-05 00:00:00,5.064,11.978,11.978,11.978,11.978
2022-12-06 00:00:00,5.01,12.139,12.139,12.139,12.139
2022-12-07 00:00:00,4.99,12.347,12.347,12.347,12.347
2022-12-08 00:00:00,5.035,12.178,12.178,12.178,12.178
2022-12-09 00:00:00,5.153,12.232,12.232,12.232,12.232
2022-12-12 00:00:00,5.171,12.324,12.324,12.324,12.324
2022-12-13 00:00:00,5.081,12.25,12.25,12.25,12.25
2022-12-14 00:00:00,5.062,12.209,12.209,12.209,12.209
2022-12-15 00:00:00,5.034,12.203,12.203,12.203,12.203
2022-12-16 00:00:00,5.065,12.161,12.161,12.161,12.161
2022-12-19 00:00:00,5.148,12.34,12.34,12.34,12.34
2022-12-20 00:00:00,5.221,12.084,12.084,12.084,12.084
2022-12-21 00:00:00,5.219,11.996,11.996,11.996,11.996
2022-12-22 00:00:00,5.241,12.099,12.099,12.099,12.099
2022-12-23 00:00:00,5.306,12.095,12.095,12.095,12.095
2022-12-27 00:00:00,5.381,11.96,11.96,11.96,11.96
2022-12-28 00:00:00,5.434,12.076,12.076,12.076,12.076
2022-12-29 00:00:00,5.365,12.095,12.095,12.095,12.095
2022-12-30 00:00:00,5.416,12.099,12.099,12.099,12.099
2023-01-03 00:00:00,5.272,12.017,12.017,12.017,12.017
2023-01-04 00:00:00,5.234,11.995,11.995,11.995,11.995
2023-01-05 00:00:00,5.253,11.777,11.777,11.777,11.777
2023-01-06 00:00:00,5.23,11.681,11.681,11.681,11.681
2023-01-30 00:00:00,5.097,11.012,11.012,11.012,11.012
2023-01-31 00:00:00,5.06,10.705,10.705,10.705,10.705
2023-02-01 00:00:00,4.993,10.468,10.468,10.468,10.468
2023-02-02 00:00:00,4.975,10.512,10.512,10.512,10.512
2023-02-03 00:00:00,5.087,10.437,10.437,10.437,10.437
2023-02-06 00:00:00,5.139,10.453,10.453,10.453,10.453
2023-02-07 00:00:00,5.16,10.485,10.485,10.485,10.485
2023-02-08 00:00:00,5.1,10.43,10.43,10.43,10.43
2023-02-09 00:00:00,5.151,10.35,10.35,10.35,10.35
2023-02-10 00:00:00,5.211,10.385,10.385,10.385,10.385
2023-02-13 00:00:00,5.249,10.492,10.492,10.492,10.492
2023-02-14 00:00:00,5.269,10.392,10.392,10.392,10.392
2023-02-15 00:00:00,5.327,10.447,10.447,10.447,10.447
2023-02-16 00:00:00,5.39,10.537,10.537,10.537,10.537
2023-02-17 00:00:00,5.344,10.58,10.58,10.58,10.58
2023-02-21 00:00:00,5.316,10.768,10.768,10.768,10.768
2023-02-22 00:00:00,5.279,11.048,11.048,11.048,11.048
2023-02-23 00:00:00,5.243,11.099,11.099,11.099,11.099
2023-02-24 00:00:00,5.317,11.087,11.087,11.087,11.087
2023-02-27 00:00:00,5.297,11.075,11.075,11.075,11.075
2023-02-28 00:00:00,5.306,11.118,11.118,11.118,11.118
2023-03-01 00:00:00,5.361,10.925,10.925,10.925,10.925
2023-03-02 00:00:00,5.344,10.839,10.839,10.839,10.839
2023-03-03 00:00:00,5.376,10.748,10.748,10.748,10.748
2023-03-06 00:00:00,5.376,10.608,10.608,10.608,10.608
2023-03-07 00:00:00,5.373,10.722,10.722,10.722,10.722
2023-03-08 00:00:00,5.386,10.672,10.672,10.672,10.672
2023-03-09 00:00:00,5.31,10.733,10.733,10.733,10.733
2023-03-10 00:00:00,5.106,10.888,10.888,10.888,10.888
2023-03-13 00:00:00,5.032,11.057,11.057,11.057,11.057
2023-03-14 00:00:00,5.135,11.145,11.145,11.145,11.145
2023-03-15 00:00:00,4.997,11.253,11.253,11.253,11.253
2023-03-16 00:00:00,5.076,11.297,11.297,11.297,11.297
2023-03-17 00:00:00,4.953,11.426,11.426,11.426,11.426
2023-03-20 00:00:00,5.003,11.592,11.592,11.592,11.592
2023-03-21 00:00:00,5.114,11.4,11.4,11.4,11.4
2023-03-22 00:00:00,4.96,11.391,11.391,11.391,11.391
2023-03-23 00:00:00,4.928,11.514,11.514,11.514,11.514
2023-03-24 00:00:00,4.876,11.641,11.641,11.641,11.641
2023-03-27 00:00:00,5.074,11.571,11.571,11.571,11.571
2023-03-28 00:00:00,5.102,11.48,11.48,11.48,11.48
2023-03-29 00:00:00,5.11,11.338,11.338,11.338,11.338
2023-03-30 00:00:00,5.123,11.148,11.148,11.148,11.148
2023-03-31 00:00:00,5.041,11.028,11.028,11.028,11.028
2023-04-03 00:00:00,4.996,11.011,11.011,11.011,11.011
2023-04-04 00:00:00,4.943,10.856,10.856,10.856,10.856
2023-04-05 00:00:00,4.917,10.797,10.797,10.797,10.797
2023-04-06 00:00:00,4.909,10.814,10.814,10.814,10.814
2023-04-07 00:00:00,5.006,10.924,10.924,10.924,10.924
2023-04-10 00:00:00,5.013,10.906,10.906,10.906,10.906
2023-04-11 00:00:00,5.012,10.83,10.83,10.83,10.83
2023-04-12 00:00:00,4.947,10.876,10.876,10.876,10.876
2023-04-13 00:00:00,5.016,10.789,10.789,10.789,10.789
2023-04-14 00:00:00,5.09,10.743,10.743,10.743,10.743
2023-04-17 00:00:00,5.235,10.698,10.698,10.698,10.698
2023-04-18 00:00:00,5.225,10.687,10.687,10.687,10.687
2023-04-19 00:00:00,5.232,10.762,10.762,10.762,10.762
2023-04-20 00:00:00,5.165,10.794,10.794,10.794,10.794
2023-04-21 00:00:00,5.197,10.91,10.91,10.91,10.91
2023-04-24 00:00:00,5.121,10.951,10.951,10.951,10.951
2023-04-25 00:00:00,5.033,11.083,11.083,11.083,11.083
2023-04-26 00:00:00,5.087,11.145,11.145,11.145,11.145
2023-04-27 00:00:00,5.089,11.289,11.289,11.289,11.289
2023-04-28 00:00:00,5.008,11.276,11.276,11.276,11.276
2023-05-01 00:00:00,5.192,11.242,11.242,11.242,11.242
2023-05-02 00:00:00,5.074,11.133,11.133,11.133,11.133
2023-05-03 00:00:00,4.934,11.335,11.335,11.335,11.335
2023-05-04 00:00:00,4.967,11.269,11.269,11.269,11.269
2023-05-05 00:00:00,5.01,11.153,11.153,11.153,11.153
2023-05-08 00:00:00,5.075,11.109,11.109,11.109,11.109
2023-05-09 00:00:00,5.046,11.255,11.255,11.255,11.255
2023-05-10 00:00:00,4.976,11.217,11.217,11.217,11.217
2023-05-11 00:00:00,4.906,11.171,11.171,11.171,11.171
2023-05-12 00:00:00,5.038,11.321,11.321,11.321,11.321
2023-05-15 00:00:00,5.072,11.29,11.29,11.29,11.29
2023-05-16 00:00:00,5.104,11.285,11.285,11.285,11.285
2023-05-17 00:00:00,5.12,11.432,11.432,11.432,11.432
2023-05-18 00:00:00,5.201,11.47,11.47,11.47,11.47
2023-05-19 00:00:00,5.237,11.524,11.524,11.524,11.524
2023-05-22 00:00:00,5.285,11.494,11.494,11.494,11.494
2023-05-23 00:00:00,5.261,11.41,11.41,11.41,11.41
2023-05-24 00:00:00,5.38,11.405,11.405,11.405,11.405
2023-05-25 00:00:00,5.446,11.477,11.477,11.477,11.477
2023-05-26 00:00:00,5.435,11.433,11.433,11.433,11.433
2023-05-30 00:00:00,5.329,11.378,11.378,11.378,11.378
2023-05-31 00:00:00,5.266,11.37,11.37,11.37,11.37
2023-06-01 00:00:00,5.227,11.596,11.596,11.596,11.596
2023-06-02 00:00:00,5.253,11.426,11.426,11.426,11.426
2023-06-05 00:00:00,5.229,11.257,11.257,11.257,11.257
2023-06-06 00:00:00,5.192,11.15,11.15,11.15,11.15
2023-06-07 00:00:00,5.31,11.057,11.057,11.057,11.057
2023-06-08 00:00:00,5.249,11.156,11.156,11.156,11.156
2023-06-09 00:00:00,5.303,11.118,11.118,11.118,11.118
2023-06-12 00:00:00,5.296,11.241,11.241,11.241,11.241
2023-06-13 00:00:00,5.368,11.34,11.34,11.34,11.34
2023-06-14 00:00:00,5.345,11.436,11.436,11.436,11.436
2023-06-15 00:00:00,5.294,11.292,11.292,11.292,11.292
2023-06-16 00:00:00,5.302,11.316,11.316,11.316,11.316
2023-06-20 00:00:00,5.275,11.364,11.364,11.364,11.364
2023-06-21 00:00:00,5.246,11.351,11.351,11.351,11.351
2023-06-22 00:00:00,5.317,11.383,11.383,11.383,11.383
2023-06-23 00:00:00,5.259,11.396,11.396,11.396,11.396
2023-06-26 00:00:00,5.261,11.395,11.395,11.395,11.395
2023-06-27 00:00:00,5.29,11.369,11.369,11.369,11.369
2023-06-28 00:00:00,5.247,11.195,11.195,11.195,11.195
2023-06-29 00:00:00,5.377,11.109,11.109,11.109,11.109
2023-06-30 00:00:00,5.374,10.9,10.9,10.9,10.9
2023-07-03 00:00:00,5.393,10.716,10.716,10.716,10.716
2023-07-05 00:00:00,5.465,10.62,10.62,10.62,10.62
2023-07-06 00:00:00,5.566,10.635,10.635,10.635,10.635
2023-07-07 00:00:00,5.562,10.578,10.578,10.578,10.578
2023-07-10 00:00:00,5.465,10.439,10.439,10.439,10.439
2023-07-11 00:00:00,5.425,10.108,10.108,10.108,10.108
2023-07-12 00:00:00,5.364,10.033,10.033,10.033,10.033
2023-07-13 00:00:00,5.253,10.043,10.043,10.043,10.043
2023-07-14 00:00:00,5.316,10.117,10.117,10.117,10.117
2023-07-17 00:00:00,5.289,10.077,10.077,10.077,10.077
2023-07-18 00:00:00,5.265,9.792,9.792,9.792,9.792
2023-07-19 00:00:00,5.254,9.748,9.748,9.748,9.748
2023-07-20 00:00:00,5.35,9.814,9.814,9.814,9.814
2023-07-21 00:00:00,5.343,9.765,9.765,9.765,9.765
2023-07-24 00:00:00,5.387,9.661,9.661,9.661,9.661
2023-07-25 00:00:00,5.391,9.591,9.591,9.591,9.591
2023-07-26 00:00:00,5.382,9.574,9.574,9.574,9.574
2023-07-27 00:00:00,5.499,9.722,9.722,9.722,9.722
2023-07-28 00:00:00,5.458,9.69,9.69,9.69,9.69
2023-07-31 00:00:00,5.434,9.455,9.455,9.455,9.455
2023-08-01 00:00:00,5.497,9.381,9.381,9.381,9.381
2023-08-02 00:00:00,5.545,9.45,9.45,9.45,9.45
2023-08-03 00:00:00,5.658,9.475,9.475,9.475,9.475
2023-08-04 00:00:00,5.467,9.451,9.451,9.451,9.451
2023-08-07 00:00:00,5.512,9.392,9.392,9.392,9.392
2023-08-08 00:00:00,5.444,9.451,9.451,9.451,9.451
2023-08-09 00:00:00,5.431,9.493,9.493,9.493,9.493
2023-08-10 00:00:00,5.529,9.488,9.488,9.488,9.488
2023-08-11 00:00:00,5.565,9.441,9.441,9.441,9.441
2023-08-14 00:00:00,5.604,9.482,9.482,9.482,9.482
2023-08-15 00:00:00,5.622,9.469,9.469,9.469,9.469
2023-08-16 00:00:00,5.655,9.45,9.45,9.45,9.45
2023-08-17 00:00:00,5.692,9.499,9.499,9.499,9.499
2023-08-18 00:00:00,5.68,9.617,9.617,9.617,9.617
2023-08-21 00:00:00,5.807,9.657,9.657,9.657,9.657
2023-08-22 00:00:00,5.777,9.688,9.688,9.688,9.688
2023-08-30 00:00:00,5.542,9.722,9.722,9.722,9.722
2023-08-31 00:00:00,5.522,9.669,9.669,9.669,9.669
2023-09-01 00:00:00,5.589,9.508,9.508,9.508,9.508
2023-09-05 00:00:00,5.664,9.581,9.581,9.581,9.581
2023-09-06 00:00:00,5.74,9.572,9.572,9.572,9.572
2023-09-07 00:00:00,5.713,9.642,9.642,9.642,9.642
2023-09-08 00:00:00,5.725,9.528,9.528,9.528,9.528
2023-09-11 00:00:00,5.749,9.649,9.649,9.649,9.649
2023-09-12 00:00:00,5.669,9.559,9.559,9.559,9.559
2023-09-13 00:00:00,5.701,9.413,9.413,9.413,9.413
2023-09-14 00:00:00,5.737,9.321,9.321,9.321,9.321
2023-09-15 00:00:00,5.793,9.288,9.288,9.288,9.288
2023-09-18 00:00:00,5.763,9.306,9.306,9.306,9.306
2023-09-19 00:00:00,5.819,9.462,9.462,9.462,9.462
2023-09-20 00:00:00,5.862,9.451,9.451,9.451,9.451
2023-09-21 00:00:00,5.908,9.523,9.523,9.523,9.523
2023-09-22 00:00:00,5.846,9.653,9.653,9.653,9.653
2023-09-25 00:00:00,5.763,9.806,9.806,9.806,9.806
2023-09-26 00:00:00,5.79,9.963,9.963,9.963,9.963
2023-09-27 00:00:00,5.854,9.741,9.741,9.741,9.741
2023-09-28 00:00:00,5.828,9.786,9.786,9.786,9.786
2023-09-29 00:00:00,5.818,9.85,9.85,9.85,9.85
2023-10-02 00:00:00,5.92,10.167,10.167,10.167,10.167
2023-10-03 00:00:00,6.04,10.36,10.36,10.36,10.36
2023-10-04 00:00:00,5.974,10.471,10.471,10.471,10.471
2023-10-05 00:00:00,5.952,10.669,10.669,10.669,10.669
2023-10-06 00:00:00,6.026,10.572,10.572,10.572,10.572
2023-10-10 00:00:00,5.882,10.352,10.352,10.352,10.352
2023-10-11 00:00:00,5.767,10.215,10.215,10.215,10.215
2023-10-12 00:00:00,5.906,10.304,10.304,10.304,10.304
2023-10-13 00:00:00,5.828,10.207,10.207,10.207,10.207
2023-10-16 00:00:00,5.95,10.273,10.273,10.273,10.273
2023-10-17 00:00:00,6.091,10.355,10.355,10.355,10.355
2023-10-18 00:00:00,6.174,10.477,10.477,10.477,10.477
2023-10-19 00:00:00,6.186,10.821,10.821,10.821,10.821
2023-10-20 00:00:00,6.203,10.95,10.95,10.95,10.95
2023-10-23 00:00:00,6.107,10.743,10.743,10.743,10.743
2023-10-24 00:00:00,6.066,10.629,10.629,10.629,10.629
2023-10-25 00:00:00,6.193,10.677,10.677,10.677,10.677
2023-10-26 00:00:00,6.089,10.796,10.796,10.796,10.796
2023-10-27 00:00:00,6.062,10.813,10.813,10.813,10.813
2023-10-30 00:00:00,6.108,10.78,10.78,10.78,10.78
2023-10-31 00:00:00,6.148,10.739,10.739,10.739,10.739
2023-11-01 00:00:00,5.952,10.67,10.67,10.67,10.67
2023-11-02 00:00:00,5.877,10.429,10.429,10.429,10.429
2023-11-03 00:00:00,5.807,10.019,10.019,10.019,10.019
2023-11-06 00:00:00,5.854,10.257,10.257,10.257,10.257
2023-11-07 00:00:00,5.779,10.377,10.377,10.377,10.377
2023-11-08 00:00:00,5.687,10.528,10.528,10.528,10.528
2023-11-09 00:00:00,5.857,10.405,10.405,10.405,10.405
2023-11-10 00:00:00,5.838,10.47,10.47,10.47,10.47
2023-11-13 00:00:00,5.836,10.524,10.524,10.524,10.524
2023-11-14 00:00:00,5.642,10.3,10.3,10.3,10.3
2023-11-15 00:00:00,5.729,10.166,10.166,10.166,10.166
2023-11-16 00:00:00,5.638,10.49,10.49,10.49,10.49
2023-11-17 00:00:00,5.631,10.054,10.054,10.054,10.054
2023-11-20 00:00:00,5.61,10.342,10.342,10.342,10.342
2023-11-21 00:00:00,5.586,10.262,10.262,10.262,10.262
2023-11-22 00:00:00,5.596,10.359,10.359,10.359,10.359
2023-11-24 00:00:00,5.657,10.358,10.358,10.358,10.358
2023-11-27 00:00:00,5.582,10.351,10.351,10.351,10.351
2023-11-28 00:00:00,5.558,10.187,10.187,10.187,10.187
2023-11-29 00:00:00,5.493,10.098,10.098,10.098,10.098
2023-11-30 00:00:00,5.474,10.045,10.045,10.045,10.045
2023-12-01 00:00:00,5.36,9.898,9.898,9.898,9.898
2023-12-04 00:00:00,5.399,9.781,9.781,9.781,9.781
2023-12-05 00:00:00,5.311,9.795,9.795,9.795,9.795
2023-12-06 00:00:00,5.232,10.128,10.128,10.128,10.128
2023-12-07 00:00:00,5.273,10.221,10.221,10.221,10.221
2023-12-08 00:00:00,5.346,10.274,10.274,10.274,10.274
2023-12-11 00:00:00,5.422,10.291,10.291,10.291,10.291
2023-12-12 00:00:00,5.392,10.449,10.449,10.449,10.449
2023-12-13 00:00:00,5.219,10.22,10.22,10.22,10.22
2023-12-14 00:00:00,5.041,9.665,9.665,9.665,9.665
2023-12-15 00:00:00,5.013,9.695,9.695,9.695,9.695
2023-12-18 00:00:00,5.043,9.583,9.583,9.583,9.583
2023-12-19 00:00:00,5.024,9.376,9.376,9.376,9.376
2023-12-20 00:00:00,4.978,9.407,9.407,9.407,9.407
2023-12-21 00:00:00,5.005,9.426,9.426,9.426,9.426
2023-12-22 00:00:00,5.024,9.422,9.422,9.422,9.422
2023-12-26 00:00:00,5.029,9.378,9.378,9.378,9.378
2023-12-27 00:00:00,4.936,9.112,9.112,9.112,9.112
2023-12-28 00:00:00,4.965,9.153,9.153,9.153,9.153
2023-12-29 00:00:00,4.987,9.329,9.329,9.329,9.329
2024-01-02 00:00:00,5.064,9.472,9.472,9.472,9.472
2024-01-03 00:00:00,4.993,9.5,9.5,9.5,9.5
2024-01-04 00:00:00,5.079,9.456,9.456,9.456,9.456
2024-01-05 00:00:00,5.12,9.383,9.383,9.383,9.383
2024-01-08 00:00:00,5.122,9.442,9.442,9.442,9.442
2024-01-09 00:00:00,5.057,9.37,9.37,9.37,9.37
2024-01-10 00:00:00,5.101,9.464,9.464,9.464,9.464
2024-01-11 00:00:00,4.972,9.405,9.405,9.405,9.405
2024-01-12 00:00:00,4.947,9.428,9.428,9.428,9.428
2024-01-16 00:00:00,5.069,9.491,9.491,9.491,9.491
2024-01-17 00:00:00,5.08,9.492,9.492,9.492,9.492
2024-01-18 00:00:00,5.136,9.654,9.654,9.654,9.654
2024-01-19 00:00:00,5.114,9.731,9.731,9.731,9.731
2024-01-22 00:00:00,5.147,9.591,9.591,9.591,9.591
2024-01-23 00:00:00,5.189,9.552,9.552,9.552,9.552
2024-01-24 00:00:00,5.244,9.565,9.565,9.565,9.565
2024-01-25 00:00:00,5.156,9.442,9.442,9.442,9.442
2024-01-26 00:00:00,5.165,9.313,9.313,9.313,9.313
2024-01-29 00:00:00,5.11,9.152,9.152,9.152,9.152
2024-01-30 00:00:00,5.052,9.165,9.165,9.165,9.165
2024-01-31 00:00:00,4.973,9.231,9.231,9.231,9.231
2024-02-01 00:00:00,4.93,9.195,9.195,9.195,9.195
2024-02-02 00:00:00,5.051,9.383,9.383,9.383,9.383
2024-02-05 00:00:00,5.167,9.547,9.547,9.547,9.547
2024-02-06 00:00:00,5.123,9.475,9.475,9.475,9.475
2024-02-07 00:00:00,5.162,9.474,9.474,9.474,9.474
2024-02-08 00:00:00,5.21,9.502,9.502,9.502,9.502
2024-02-09 00:00:00,5.215,9.447,9.447,9.447,9.447
2024-02-12 00:00:00,5.217,9.493,9.493,9.493,9.493
2024-02-13 00:00:00,5.288,9.613,9.613,9.613,9.613
2024-02-14 00:00:00,5.24,9.611,9.611,9.611,9.611
2024-02-15 00:00:00,5.216,9.581,9.581,9.581,9.581
2024-02-16 00:00:00,5.3,9.697,9.697,9.697,9.697
2024-02-20 00:00:00,5.307,9.829,9.829,9.829,9.829
2024-02-21 00:00:00,5.349,9.801,9.801,9.801,9.801
2024-02-22 00:00:00,5.344,9.775,9.775,9.775,9.775
2024-02-23 00:00:00,5.262,9.72,9.72,9.72,9.72
2024-02-26 00:00:00,5.288,9.743,9.743,9.743,9.743
2024-02-27 00:00:00,5.363,9.698,9.698,9.698,9.698
2024-02-28 00:00:00,5.342,9.7,9.7,9.7,9.7
2024-02-29 00:00:00,5.401,9.663,9.663,9.663,9.663
2024-03-01 00:00:00,5.432,9.615,9.615,9.615,9.615
2024-03-04 00:00:00,5.446,9.395,9.395,9.395,9.395
2024-03-05 00:00:00,5.34,9.404,9.404,9.404,9.404
2024-03-06 00:00:00,5.249,9.269,9.269,9.269,9.269
2024-03-07 00:00:00,5.243,9.205,9.205,9.205,9.205
2024-03-08 00:00:00,5.234,9.495,9.495,9.495,9.495
2024-03-11 00:00:00,5.252,9.41,9.41,9.41,9.41
2024-03-12 00:00:00,5.294,9.133,9.133,9.133,9.133
2024-03-13 00:00:00,5.321,9.064,9.064,9.064,9.064
2024-03-14 00:00:00,5.421,9.081,9.081,9.081,9.081
2024-03-15 00:00:00,5.43,9.08,9.08,9.08,9.08
2024-03-18 00:00:00,5.334,9.107,9.107,9.107,9.107
2024-03-19 00:00:00,5.312,8.985,8.985,8.985,8.985
2024-03-20 00:00:00,5.316,9.01,9.01,9.01,9.01
2024-03-21 00:00:00,5.313,8.95,8.95,8.95,8.95
2024-03-22 00:00:00,5.248,8.969,8.969,8.969,8.969
2024-03-25 00:00:00,5.3,8.898,8.898,8.898,8.898
2024-03-26 00:00:00,5.263,8.894,8.894,8.894,8.894
2024-03-27 00:00:00,5.215,8.845,8.845,8.845,8.845
2024-03-28 00:00:00,5.22,8.863,8.863,8.863,8.863
2024-04-01 00:00:00,5.369,8.856,8.856,8.856,8.856
2024-04-02 00:00:00,5.406,8.841,8.841,8.841,8.841
2024-04-03 00:00:00,5.312,8.769,8.769,8.769,8.769
2024-04-04 00:00:00,5.261,8.68,8.68,8.68,8.68
2024-04-05 00:00:00,5.337,8.732,8.732,8.732,8.732
2024-04-08 00:00:00,5.348,8.708,8.708,8.708,8.708
2024-04-09 00:00:00,5.293,8.751,8.751,8.751,8.751
2024-04-10 00:00:00,5.475,8.776,8.776,8.776,8.776
2024-04-11 00:00:00,5.521,8.809,8.809,8.809,8.809
2024-04-12 00:00:00,5.344,8.986,8.986,8.986,8.986
2024-04-15 00:00:00,5.429,9.122,9.122,9.122,9.122
2024-04-16 00:00:00,5.495,9.224,9.224,9.224,9.224
2024-04-17 00:00:00,5.696,9.104,9.104,9.104,9.104
2024-04-18 00:00:00,5.626,9.387,9.387,9.387,9.387
2024-04-19 00:00:00,5.659,9.462,9.462,9.462,9.462
2024-04-22 00:00:00,5.642,9.249,9.249,9.249,9.249
2024-04-23 00:00:00,5.469,9.265,9.265,9.265,9.265
2024-04-24 00:00:00,5.511,9.19,9.19,9.19,9.19
2024-04-25 00:00:00,5.579,9.238,9.238,9.238,9.238
2024-04-26 00:00:00,5.638,9.12,9.12,9.12,9.12
2024-04-29 00:00:00,5.59,9.106,9.106,9.106,9.106
2024-04-30 00:00:00,5.651,9.296,9.296,9.296,9.296
2024-05-01 00:00:00,5.571,9.28,9.28,9.28,9.28
2024-05-02 00:00:00,5.491,9.124,9.124,9.124,9.124
2024-05-03 00:00:00,5.46,9.02,9.02,9.02,9.02
2024-05-06 00:00:00,5.424,8.936,8.936,8.936,8.936
2024-05-07 00:00:00,5.4,8.87,8.87,8.87,8.87
2024-05-08 00:00:00,5.437,8.943,8.943,8.943,8.943
2024-05-09 00:00:00,5.403,8.983,8.983,8.983,8.983
2024-05-10 00:00:00,5.444,8.946,8.946,8.946,8.946
2024-05-13 00:00:00,5.394,8.905,8.905,8.905,8.905
2024-05-14 00:00:00,5.331,8.962,8.962,8.962,8.962
2024-05-15 00:00:00,5.285,8.941,8.941,8.941,8.941
2024-05-16 00:00:00,5.375,8.88,8.88,8.88,8.88
2024-05-17 00:00:00,5.413,8.841,8.841,8.841,8.841
2024-05-20 00:00:00,5.418,8.875,8.875,8.875,8.875
2024-05-21 00:00:00,5.372,8.9,8.9,8.9,8.9
2024-05-22 00:00:00,5.381,8.944,8.944,8.944,8.944
2024-05-23 00:00:00,5.439,8.947,8.947,8.947,8.947
2024-05-24 00:00:00,5.404,9.027,9.027,9.027,9.027
2024-05-28 00:00:00,5.491,8.966,8.966,8.966,8.966
2024-05-29 00:00:00,5.552,9.067,9.067,9.067,9.067
2024-05-30 00:00:00,5.486,8.993,8.993,8.993,8.993
2024-05-31 00:00:00,5.449,8.969,8.969,8.969,8.969
2024-06-03 00:00:00,5.399,8.961,8.961,8.961,8.961
2024-06-04 00:00:00,5.353,9.124,9.124,9.124,9.124
2024-06-05 00:00:00,5.294,9.067,9.067,9.067,9.067
2024-06-06 00:00:00,5.303,9.101,9.101,9.101,9.101
2024-06-07 00:00:00,5.439,9.173,9.173,9.173,9.173
2024-06-10 00:00:00,5.478,9.171,9.171,9.171,9.171
2024-06-11 00:00:00,5.425,9.067,9.067,9.067,9.067
2024-06-12 00:00:00,5.349,8.966,8.966,8.966,8.966
2024-06-13 00:00:00,5.269,9.062,9.062,9.062,9.062
2024-06-14 00:00:00,5.245,9.138,9.138,9.138,9.138
2024-06-17 00:00:00,5.276,9.185,9.185,9.185,9.185
2024-06-18 00:00:00,5.267,9.103,9.103,9.103,9.103
2024-06-20 00:00:00,5.306,9.058,9.058,9.058,9.058
2024-06-21 00:00:00,5.352,9.084,9.084,9.084,9.084
2024-06-24 00:00:00,5.246,9.051,9.051,9.051,9.051
2024-06-25 00:00:00,5.237,9.108,9.108,9.108,9.108
2024-06-26 00:00:00,5.371,9.15,9.15,9.15,9.15
2024-06-27 00:00:00,5.322,9.165,9.165,9.165,9.165
2024-06-28 00:00:00,5.456,8.985,8.985,8.985,8.985
2024-07-01 00:00:00,5.523,9.023,9.023,9.023,9.023
2024-07-02 00:00:00,5.511,9.018,9.018,9.018,9.018
2024-07-03 00:00:00,5.435,9.028,9.028,9.028,9.028
2024-07-05 00:00:00,5.36,8.927,8.927,8.927,8.927
2024-07-08 00:00:00,5.343,8.968,8.968,8.968,8.968
2024-07-09 00:00:00,5.353,8.958,8.958,8.958,8.958
2024-07-10 00:00:00,5.339,8.912,8.912,8.912,8.912
2024-07-11 00:00:00,5.273,8.799,8.799,8.799,8.799
2024-07-12 00:00:00,5.242,8.814,8.814,8.814,8.814
2024-07-15 00:00:00,5.301,8.748,8.748,8.748,8.748
2024-07-16 00:00:00,5.203,8.685,8.685,8.685,8.685
2024-07-17 00:00:00,5.215,8.673,8.673,8.673,8.673
2024-07-18 00:00:00,5.257,8.705,8.705,8.705,8.705
2024-07-19 00:00:00,5.326,8.839,8.839,8.839,8.839
2024-07-22 00:00:00,5.292,8.721,8.721,8.721,8.721
2024-07-23 00:00:00,5.293,8.788,8.788,8.788,8.788
2024-07-24 00:00:00,5.289,8.908,8.908,8.908,8.908
2024-07-25 00:00:00,5.277,8.905,8.905,8.905,8.905
2024-07-26 00:00:00,5.241,8.687,8.687,8.687,8.687
2024-07-29 00:00:00,5.223,8.706,8.706,8.706,8.706
2024-07-30 00:00:00,5.174,8.838,8.838,8.838,8.838
2024-07-31 00:00:00,5.077,8.617,8.617,8.617,8.617
2024-08-01 00:00:00,5.009,8.677,8.677,8.677,8.677
2024-08-02 00:00:00,4.85,8.813,8.813,8.813,8.813
2024-08-05 00:00:00,4.849,8.838,8.838,8.838,8.838
2024-08-06 00:00:00,4.92,8.695,8.695,8.695,8.695
2024-08-07 00:00:00,4.977,8.627,8.627,8.627,8.627
2024-08-08 00:00:00,5.015,8.752,8.752,8.752,8.752
2024-08-09 00:00:00,4.98,8.837,8.837,8.837,8.837
2024-08-12 00:00:00,4.954,8.71,8.71,8.71,8.71
2024-08-13 00:00:00,4.89,8.707,8.707,8.707,8.707
2024-08-14 00:00:00,4.868,8.692,8.692,8.692,8.692
2024-08-15 00:00:00,4.944,8.69,8.69,8.69,8.69
2024-08-16 00:00:00,4.867,8.667,8.667,8.667,8.667
2024-08-19 00:00:00,4.856,8.609,8.609,8.609,8.609
2024-08-20 00:00:00,4.817,8.649,8.649,8.649,8.649
2024-08-21 00:00:00,4.844,8.643,8.643,8.643,8.643
2024-08-22 00:00:00,4.88,8.64,8.64,8.64,8.64
2024-08-23 00:00:00,4.834,8.611,8.611,8.611,8.611
2024-08-26 00:00:00,4.839,8.564,8.564,8.564,8.564
2024-08-27 00:00:00,4.849,8.631,8.631,8.631,8.631
2024-08-28 00:00:00,4.829,8.725,8.725,8.725,8.725
2024-08-29 00:00:00,4.84,8.753,8.753,8.753,8.753
2024-08-30 00:00:00,4.924,8.723,8.723,8.723,8.723
2024-09-03 00:00:00,4.894,8.907,8.907,8.907,8.907
2024-09-04 00:00:00,4.799,8.926,8.926,8.926,8.926
2024-09-05 00:00:00,4.771,8.922,8.922,8.922,8.922
2024-09-06 00:00:00,4.735,8.982,8.982,8.982,8.982
2024-09-09 00:00:00,4.689,9.145,9.145,9.145,9.145
2024-09-10 00:00:00,4.693,9.38,9.38,9.38,9.38
2024-09-11 00:00:00,4.706,9.238,9.238,9.238,9.238
2024-09-12 00:00:00,4.754,9.018,9.018,9.018,9.018
2024-09-13 00:00:00,4.702,8.936,8.936,8.936,8.936
2024-09-16 00:00:00,4.624,8.995,8.995,8.995,8.995
2024-09-17 00:00:00,4.662,8.922,8.922,8.922,8.922
2024-09-18 00:00:00,4.721,8.929,8.929,8.929,8.929
2024-09-19 00:00:00,4.722,8.847,8.847,8.847,8.847
2024-09-20 00:00:00,4.758,8.844,8.844,8.844,8.844
2024-09-23 00:00:00,4.76,8.91,8.91,8.91,8.91
2024-09-24 00:00:00,4.735,8.779,8.779,8.779,8.779
2024-09-25 00:00:00,4.761,8.863,8.863,8.863,8.863
2024-09-26 00:00:00,4.828,9.079,9.079,9.079,9.079
2024-09-27 00:00:00,4.797,9.056,9.056,9.056,9.056
2024-09-30 00:00:00,4.807,9.126,9.126,9.126,9.126
2024-10-01 00:00:00,4.764,9.164,9.164,9.164,9.164
2024-10-02 00:00:00,4.814,9.176,9.176,9.176,9.176
2024-10-03 00:00:00,4.872,9.09,9.09,9.09,9.09
2024-10-04 00:00:00,4.938,9.137,9.137,9.137,9.137
2024-10-07 00:00:00,5.003,9.167,9.167,9.167,9.167
2024-10-08 00:00:00,4.98,9.305,9.305,9.305,9.305
2024-10-09 00:00:00,5.04,9.424,9.424,9.424,9.424
2024-10-10 00:00:00,5.031,9.459,9.459,9.459,9.459
2024-10-11 00:00:00,5.049,9.414,9.414,9.414,9.414
2024-10-15 00:00:00,4.979,9.595,9.595,9.595,9.595
2024-10-16 00:00:00,4.967,9.467,9.467,9.467,9.467
2024-10-17 00:00:00,5.019,9.397,9.397,9.397,9.397
2024-10-18 00:00:00,5.016,9.399,9.399,9.399,9.399
2024-10-21 00:00:00,5.127,9.442,9.442,9.442,9.442
2024-10-22 00:00:00,5.132,9.418,9.418,9.418,9.418
2024-10-23 00:00:00,5.16,9.582,9.582,9.582,9.582
2024-10-24 00:00:00,5.122,9.202,9.202,9.202,9.202
2024-10-25 00:00:00,5.147,9.088,9.088,9.088,9.088
2024-10-28 00:00:00,5.187,9.244,9.244,9.244,9.244
2024-10-29 00:00:00,5.159,9.284,9.284,9.284,9.284
2024-10-30 00:00:00,5.197,9.152,9.152,9.152,9.152
2024-10-31 00:00:00,5.204,9.032,9.032,9.032,9.032
2024-11-01 00:00:00,5.295,9.077,9.077,9.077,9.077
2024-11-04 00:00:00,5.191,8.912,8.912,8.912,8.912
2024-11-05 00:00:00,5.25,8.876,8.876,8.876,8.876
2024-11-06 00:00:00,5.384,8.841,8.841,8.841,8.841
2024-11-07 00:00:00,5.308,8.913,8.913,8.913,8.913
2024-11-08 00:00:00,5.259,8.725,8.725,8.725,8.725
2024-11-12 00:00:00,5.353,8.941,8.941,8.941,8.941
2024-11-13 00:00:00,5.405,8.854,8.854,8.854,8.854
2024-11-14 00:00:00,5.409,8.911,8.911,8.911,8.911
2024-11-15 00:00:00,5.364,8.948,8.948,8.948,8.948
2024-11-18 00:00:00,5.384,9.027,9.027,9.027,9.027
2024-11-19 00:00:00,5.371,8.955,8.955,8.955,8.955
2024-11-20 00:00:00,5.38,8.985,8.985,8.985,8.985
2024-11-21 00:00:00,5.367,8.895,8.895,8.895,8.895
2024-11-22 00:00:00,5.347,8.909,8.909,8.909,8.909
2024-11-25 00:00:00,5.226,8.882,8.882,8.882,8.882
2024-11-26 00:00:00,5.331,8.927,8.927,8.927,8.927
2024-11-27 00:00:00,5.208,8.926,8.926,8.926,8.926
2024-11-29 00:00:00,5.124,8.907,8.907,8.907,8.907
2024-12-02 00:00:00,5.143,8.894,8.894,8.894,8.894
2024-12-03 00:00:00,5.181,8.937,8.937,8.937,8.937
2024-12-04 00:00:00,5.137,9.002,9.002,9.002,9.002
2024-12-05 00:00:00,5.131,8.981,8.981,8.981,8.981
2024-12-06 00:00:00,5.105,9.062,9.062,9.062,9.062
2024-12-09 00:00:00,5.11,9.081,9.081,9.081,9.081
2024-12-10 00:00:00,5.129,9.107,9.107,9.107,9.107
2024-12-11 00:00:00,5.198,9.062,9.062,9.062,9.062
2024-12-12 00:00:00,5.265,9.023,9.023,9.023,9.023
2024-12-13 00:00:00,5.326,9.178,9.178,9.178,9.178
2024-12-16 00:00:00,5.277,9.242,9.242,9.242,9.242
2024-12-17 00:00:00,5.284,9.358,9.358,9.358,9.358
2024-12-18 00:00:00,5.435,9.314,9.314,9.314,9.314
2024-12-19 00:00:00,5.485,9.382,9.382,9.382,9.382
2024-12-20 00:00:00,5.452,9.404,9.404,9.404,9.404
2024-12-23 00:00:00,5.521,9.412,9.412,9.412,9.412
2024-12-24 00:00:00,5.516,9.411,9.411,9.411,9.411
2024-12-26 00:00:00,5.468,9.341,9.341,9.341,9.341
2024-12-27 00:00:00,5.514,9.415,9.415,9.415,9.415
2024-12-30 00:00:00,5.424,9.349,9.349,9.349,9.349
2024-12-31 00:00:00,5.465,9.211,9.211,9.211,9.211
2025-01-02 00:00:00,5.489,9.145,9.145,9.145,9.145
2025-01-03 00:00:00,5.563,9.154,9.154,9.154,9.154
2025-01-06 00:00:00,5.54,9.076,9.076,9.076,9.076
2025-01-07 00:00:00,5.603,9.169,9.169,9.169,9.169
2025-01-08 00:00:00,5.607,9.201,9.201,9.201,9.201
2025-01-09 00:00:00,5.602,9.211,9.211,9.211,9.211
2025-01-10 00:00:00,5.681,9.19,9.19,9.19,9.19
2025-01-13 00:00:00,5.689,9.23,9.23,9.23,9.23
2025-01-14 00:00:00,5.722,9.197,9.197,9.197,9.197
2025-01-15 00:00:00,5.587,9.006,9.006,9.006,9.006
2025-01-16 00:00:00,5.558,9.006,9.006,9.006,9.006
2025-01-17 00:00:00,5.568,9.02,9.02,9.02,9.02
2025-01-21 00:00:00,5.46,9.093,9.093,9.093,9.093
2025-01-22 00:00:00,5.488,9.105,9.105,9.105,9.105
2025-01-23 00:00:00,5.577,9.102,9.102,9.102,9.102
2025-01-24 00:00:00,5.515,9.089,9.089,9.089,9.089
2025-01-27 00:00:00,5.447,9.123,9.123,9.123,9.123
2025-01-28 00:00:00,5.439,9.099,9.099,9.099,9.099
2025-01-29 00:00:00,5.448,9.14,9.14,9.14,9.14
2025-01-30 00:00:00,5.443,9.135,9.135,9.135,9.135
2025-01-31 00:00:00,5.454,9.152,9.152,9.152,9.152
2025-02-03 00:00:00,5.48,9.29,9.29,9.29,9.29
2025-02-04 00:00:00,5.442,9.217,9.217,9.217,9.217
2025-02-05 00:00:00,5.341,9.12,9.12,9.12,9.12
2025-02-06 00:00:00,5.326,9.108,9.108,9.108,9.108
2025-02-07 00:00:00,5.4,9.121,9.121,9.121,9.121
2025-02-10 00:00:00,5.408,9.165,9.165,9.165,9.165
2025-02-11 00:00:00,5.448,9.236,9.236,9.236,9.236
2025-02-12 00:00:00,5.539,9.274,9.274,9.274,9.274
2025-02-13 00:00:00,5.464,9.251,9.251,9.251,9.251
2025-02-14 00:00:00,5.398,9.335,9.335,9.335,9.335
2025-02-18 00:00:00,5.454,9.282,9.282,9.282,9.282
2025-02-19 00:00:00,5.448,9.283,9.283,9.283,9.283
2025-02-20 00:00:00,5.423,9.25,9.25,9.25,9.25
2025-02-21 00:00:00,5.374,9.295,9.295,9.295,9.295
2025-02-24 00:00:00,5.301,9.418,9.418,9.418,9.418
2025-02-25 00:00:00,5.244,9.437,9.437,9.437,9.437
2025-02-26 00:00:00,5.204,9.502,9.502,9.502,9.502
2025-02-27 00:00:00,5.206,9.62,9.62,9.62,9.62
2025-02-28 00:00:00,5.197,9.741,9.741,9.741,9.741
2025-03-03 00:00:00,5.181,9.91,9.91,9.91,9.91
2025-03-04 00:00:00,5.248,10.149,10.149,10.149,10.149
2025-03-05 00:00:00,5.259,10.213,10.213,10.213,10.213
2025-03-06 00:00:00,5.318,10.321,10.321,10.321,10.321
2025-03-07 00:00:00,5.361,10.186,10.186,10.186,10.186
2025-03-10 00:00:00,5.262,10.251,10.251,10.251,10.251
2025-03-11 00:00:00,5.298,10.258,10.258,10.258,10.258
2025-03-12 00:00:00,5.329,10.189,10.189,10.189,10.189
2025-03-13 00:00:00,5.262,10.453,10.453,10.453,10.453
2025-03-14 00:00:00,5.3,10.266,10.266,10.266,10.266
2025-03-17 00:00:00,5.328,10.171,10.171,10.171,10.171
2025-03-18 00:00:00,5.283,10.091,10.091,10.091,10.091
2025-03-19 00:00:00,5.225,9.962,9.962,9.962,9.962
2025-03-20 00:00:00,5.213,9.915,9.915,9.915,9.915
2025-03-21 00:00:00,5.233,9.904,9.904,9.904,9.904
2025-03-24 00:00:00,5.348,9.83,9.83,9.83,9.83
2025-03-25 00:00:00,5.331,9.888,9.888,9.888,9.888
2025-03-26 00:00:00,5.354,9.962,9.962,9.962,9.962
2025-03-27 00:00:00,5.363,9.947,9.947,9.947,9.947
2025-03-28 00:00:00,5.257,9.996,9.996,9.996,9.996
2025-03-31 00:00:00,5.181,10.089,10.089,10.089,10.089
2025-04-01 00:00:00,5.195,10.047,10.047,10.047,10.047
2025-04-02 00:00:00,5.125,10.1,10.1,10.1,10.1
2025-04-03 00:00:00,5.114,11.233,11.233,11.233,11.233
2025-04-04 00:00:00,5.188,12.589,12.589,12.589,12.589
2025-04-07 00:00:00,5.387,13.252,13.252,13.252,13.252
2025-04-08 00:00:00,5.46,13.121,13.121,13.121,13.121
2025-04-09 00:00:00,5.551,12.742,12.742,12.742,12.742
2025-04-10 00:00:00,5.522,12.634,12.634,12.634,12.634
2025-04-11 00:00:00,5.538,12.99,12.99,12.99,12.99
2025-04-14 00:00:00,5.434,12.753,12.753,12.753,12.753
2025-04-15 00:00:00,5.417,12.746,12.746,12.746,12.746
2025-04-16 00:00:00,5.352,12.686,12.686,12.686,12.686
2025-04-17 00:00:00,5.397,12.61,12.61,12.61,12.61
2025-04-21 00:00:00,5.504,12.87,12.87,12.87,12.87
2025-04-22 00:00:00,5.493,12.87,12.87,12.87,12.87
2025-04-23 00:00:00,5.427,12.562,12.562,12.562,12.562
2025-04-24 00:00:00,5.35,12.627,12.627,12.627,12.627
2025-04-25 00:00:00,5.301,12.481,12.481,12.481,12.481
2025-04-28 00:00:00,5.247,12.414,12.414,12.414,12.414
2025-04-29 00:00:00,5.282,12.542,12.542,12.542,12.542
